Sequence Type,NG-STAR_CC
1,463
2,1401
3,334
4,348
5,1229
6,Ungroupable
7,208
8,26
9,63
10,124
11,20
12,2036
13,3087
14,104
15,23
16,90
17,17
18,17
19,20
20,20
21,551
22,127
23,23
24,Ungroupable
25,348
26,127
27,127
28,26
29,127
30,26
31,26
32,127
33,127
34,311
35,127
36,127
37,127
38,38
39,38
40,Ungroupable
41,Ungroupable
42,42
43,42
44,178
45,3087
46,307
47,142
48,142
49,142
50,1109
51,199
52,370
53,309
54,63
55,442
56,55
57,1038
58,63
59,213
60,60
61,301
62,63
63,63
64,63
65,63
66,63
67,63
68,63
69,304
70,Ungroupable
71,73
72,73
73,73
74,1038
75,63
76,1118
77,79
78,79
79,79
80,79
81,1958
82,2028
83,239
84,352
85,239
86,1115
87,239
88,90
89,90
90,90
91,90
92,90
93,90
94,90
95,90
96,90
97,90
98,90
99,90
100,90
101,90
102,90
103,90
104,104
105,471
106,471
107,471
108,883
109,104
110,20
111,90
112,304
113,199
114,199
115,158
116,3165
117,104
118,240
119,79
120,3111
121,158
122,124
123,124
124,127
125,90
126,124
127,127
128,127
129,127
130,151
131,127
132,90
133,38
134,90
135,38
136,90
137,442
138,137
139,137
140,137
141,137
142,442
143,142
144,190
145,26
146,20
147,137
148,199
149,124
150,90
151,127
152,90
153,1958
154,90
155,38
156,90
157,42
158,158
159,42
160,178
161,160
162,137
163,124
165,158
167,63
168,168
169,390
170,426
171,160
172,160
173,63
174,178
175,38
176,231
177,127
178,352
179,178
180,51
181,442
182,63
183,63
184,63
185,63
186,2209
187,1038
188,63
189,212
190,390
191,178
192,182
193,63
194,90
195,90
196,90
197,90
198,142
199,199
200,345
201,38
202,73
203,2454
204,127
205,390
206,20
207,1958
208,127
209,127
210,63
211,63
212,63
213,63
214,307
215,20
216,2092
217,801
218,127
219,63
220,395
221,2351
222,137
223,63
224,2047
225,127
226,348
227,348
228,42
229,1771
230,352
231,231
232,348
233,199
234,390
235,1115
236,1645
237,20
238,1115
239,390
240,63
241,301
242,213
243,Ungroupable
244,63
245,63
246,63
247,309
248,309
249,309
250,90
251,63
252,124
253,124
254,90
255,90
256,90
257,127
258,90
259,452
260,90
261,169
262,127
263,26
264,90
265,345
266,3117
267,90
268,309
269,352
270,178
271,2351
272,862
273,137
274,63
275,2209
276,23
277,477
278,Ungroupable
279,137
280,23
281,471
282,139
283,127
284,958
285,286
286,732
287,104
288,352
289,352
290,63
291,124
292,352
293,301
294,20
295,17
296,395
297,3087
298,390
299,239
300,2047
301,63
302,63
303,90
304,2753
305,309
306,17
307,307
308,1958
309,309
310,26
311,311
312,38
313,Ungroupable
314,442
315,2192
316,1458
317,1816
318,3564
319,90
320,348
321,348
322,137
323,Ungroupable
324,2467
325,139
326,2467
327,Ungroupable
328,139
329,348
330,348
331,104
332,Ungroupable
333,309
334,409
335,127
336,311
337,2209
338,755
339,1958
340,178
341,137
342,42
343,1449
344,137
345,199
346,199
347,199
348,348
349,2036
350,1021
351,2036
352,352
353,42
354,468
355,893
356,356
357,352
358,356
359,2035
360,356
361,17
362,42
363,311
364,390
365,3087
366,1115
367,190
368,73
369,237
370,390
371,20
372,142
373,137
374,190
375,142
376,3036
377,127
378,190
379,127
380,141
381,124
382,63
383,390
384,42
385,124
386,124
387,124
388,190
389,309
390,390
391,893
392,63
393,390
394,63
395,137
396,124
397,90
398,301
399,390
400,442
401,127
402,893
403,124
404,124
405,1449
406,20
407,1958
408,26
409,127
410,352
411,124
412,63
413,63
414,63
415,301
416,73
417,213
418,1958
419,158
420,199
421,127
422,1958
423,178
424,2028
425,3311
426,426
427,426
428,199
429,63
430,73
431,1665
432,442
433,271
434,178
435,178
436,426
437,209
438,Ungroupable
439,63
440,63
441,190
442,442
443,127
444,97
445,455
446,1115
447,63
448,352
449,1096
450,63
451,395
452,38
453,63
454,63
455,309
456,307
457,124
458,199
459,90
460,442
461,63
462,127
463,352
464,2209
465,442
466,1458
467,63
468,42
469,42
470,199
471,142
472,1115
473,390
474,2060
475,63
476,158
477,90
478,2351
479,2209
480,158
481,182
482,63
483,754
484,395
485,348
486,497
487,348
488,348
489,2351
490,221
491,127
492,348
493,2288
494,2441
495,73
496,38
497,497
498,331
499,90
500,127
501,501
502,73
503,1229
504,1118
505,Ungroupable
506,199
507,90
508,199
509,2436
510,929
511,1687
512,199
513,199
514,199
515,345
516,158
517,199
520,42
522,178
524,178
526,307
533,1958
534,426
539,1340
543,240
545,190
546,1115
547,2036
548,1430
549,63
550,442
551,190
552,137
553,309
554,199
556,127
557,345
558,127
559,1771
561,958
562,178
563,3087
564,1958
565,1074
567,567
568,3087
569,23
570,15
571,26
572,127
573,3597
574,2904
575,2703
576,2209
577,1771
578,1958
579,958
580,1771
581,1663
583,Ungroupable
584,84
585,311
586,463
587,311
588,17
590,124
591,309
592,2209
593,190
595,755
597,2265
598,127
599,439
601,186
602,Ungroupable
603,334
604,Ungroupable
605,2703
606,1271
607,Ungroupable
608,3597
609,127
611,1096
614,139
615,958
616,Ungroupable
617,286
618,Ungroupable
620,268
622,268
623,17
625,1771
626,Ungroupable
627,90
628,1662
629,1449
630,42
631,Ungroupable
632,3311
633,Ungroupable
635,958
636,1529
637,958
638,Ungroupable
639,3311
640,1055
641,199
642,501
643,511
644,17
645,1958
646,2036
647,55
648,55
649,359
650,1636
651,1401
652,3597
653,3311
654,55
655,893
656,468
657,1643
658,3597
659,1430
660,1418
661,237
662,1430
663,20
664,190
665,1458
666,Ungroupable
667,883
668,Ungroupable
669,393
672,2036
673,1115
674,90
676,137
677,137
678,777
679,178
681,2028
682,559
683,1958
684,247
685,3165
686,190
687,137
688,84
689,142
690,1958
691,63
692,2060
693,124
694,687
695,774
696,127
697,124
698,182
699,137
700,127
701,501
702,142
705,442
706,127
707,2209
708,1271
709,90
710,348
713,20
714,426
715,732
716,1958
717,63
718,559
719,426
720,90
721,Ungroupable
722,20
723,20
724,1958
725,20
726,801
727,158
728,3586
729,3087
730,20
731,390
732,732
733,2047
734,2429
735,3597
736,2028
737,3597
738,3087
739,127
740,Ungroupable
741,239
743,309
744,124
745,1115
746,2209
747,239
748,2753
749,20
750,352
751,2580
752,2209
753,2036
754,2036
755,754
758,90
769,309
774,2028
776,1054
777,178
778,426
779,426
780,73
783,124
798,73
801,801
803,137
806,240
810,240
827,1608
828,73
829,754
830,3574
831,247
832,137
833,1771
836,1664
837,1958
838,84
839,439
840,754
841,190
842,754
843,754
844,845
845,63
846,20
847,2883
848,2028
849,Ungroupable
850,20
851,20
852,20
853,90
854,127
855,348
856,137
857,90
858,127
859,42
860,63
861,1586
862,352
863,352
864,1958
865,1958
866,178
867,3087
868,872
869,1096
870,309
871,309
872,3311
873,3311
874,247
875,309
876,309
877,309
878,872
879,309
880,286
881,274
882,63
883,63
884,63
885,830
886,356
887,2035
888,714
889,199
890,426
891,2209
892,896
893,1958
894,2973
895,73
896,2209
897,1771
898,426
899,625
900,73
901,3574
902,55
903,63
904,63
905,1401
906,Ungroupable
907,2467
908,63
909,199
910,199
911,190
912,3111
913,390
914,190
915,1958
916,3597
917,352
918,404
919,199
920,233
921,90
922,90
923,90
924,90
925,90
926,90
927,127
928,139
929,3592
930,158
931,158
932,158
933,158
934,90
935,124
936,127
937,90
938,90
939,129
940,127
941,124
942,124
943,182
944,1526
945,1526
946,1526
947,Ungroupable
948,233
949,949
950,271
951,90
952,90
953,158
954,63
955,307
956,3087
957,1883
958,958
959,63
960,958
961,395
962,20
963,20
964,20
965,63
966,628
967,3311
968,248
969,968
970,968
971,247
972,63
973,2047
974,2047
975,409
976,3564
977,3001
978,1958
979,1771
980,1771
981,738
982,137
983,63
984,352
985,90
986,158
987,182
988,2838
989,104
990,390
991,1958
992,390
993,710
994,90
995,55
996,73
997,90
998,151
999,90
1000,1254
1001,90
1002,345
1003,426
1004,2209
1005,3087
1006,1256
1007,137
1008,127
1009,90
1010,309
1011,38
1012,90
1013,271
1014,90
1015,90
1016,3111
1017,Ungroupable
1018,90
1019,1925
1020,289
1021,42
1022,178
1023,1024
1024,1024
1025,127
1026,442
1027,73
1028,307
1029,160
1030,168
1031,534
1032,63
1033,2036
1034,213
1035,866
1036,866
1037,158
1038,1038
1039,168
1040,168
1041,168
1042,168
1043,168
1044,168
1045,90
1046,160
1047,2257
1049,1771
1050,124
1051,1771
1052,247
1053,3035
1054,1054
1055,428
1056,2778
1057,160
1058,124
1059,158
1060,231
1061,160
1062,160
1063,90
1064,42
1065,42
1066,63
1067,160
1068,3111
1069,1958
1070,42
1071,3087
1072,237
1073,17
1074,1958
1075,20
1076,Ungroupable
1077,1458
1078,1958
1079,1958
1080,1958
1081,352
1082,1958
1083,17
1084,1117
1085,237
1086,663
1087,1458
1088,237
1089,352
1090,2980
1091,1418
1092,1271
1093,352
1094,42
1095,1771
1096,309
1097,309
1098,Ungroupable
1099,42
1100,1179
1101,38
1102,199
1103,199
1104,428
1105,124
1106,1695
1107,1687
1108,470
1109,127
1110,428
1111,221
1112,2351
1113,1430
1114,1430
1115,1115
1116,190
1117,390
1118,199
1119,1115
1120,390
1121,190
1122,2146
1123,213
1124,426
1125,1634
1126,559
1127,158
1128,352
1129,1271
1130,90
1131,1664
1132,1054
1133,199
1134,427
1135,348
1136,Ungroupable
1137,428
1138,2473
1139,426
1140,2441
1141,501
1142,1687
1143,199
1144,1118
1145,348
1146,90
1147,73
1148,199
1149,1118
1150,1687
1151,38
1152,127
1153,Ungroupable
1154,732
1155,2441
1156,Ungroupable
1157,199
1158,2337
1159,348
1160,2441
1161,199
1162,348
1163,Ungroupable
1164,497
1165,199
1166,348
1167,1695
1168,2480
1169,426
1170,348
1171,90
1172,Ungroupable
1173,1118
1174,Ungroupable
1175,501
1176,38
1177,1157
1178,199
1179,199
1180,2288
1181,199
1182,1687
1183,199
1184,348
1185,199
1186,Ungroupable
1187,Ungroupable
1188,348
1189,2442
1190,1687
1191,221
1192,2441
1193,199
1194,1229
1195,428
1196,90
1197,199
1198,1687
1199,497
1200,559
1201,949
1202,714
1203,426
1204,426
1205,Ungroupable
1206,958
1207,1096
1208,2753
1209,561
1210,1271
1211,247
1212,3470
1213,2098
1214,124
1215,1215
1216,38
1217,199
1218,137
1219,158
1220,1340
1221,231
1222,3311
1223,309
1224,2209
1225,38
1226,2069
1227,1885
1228,271
1229,348
1230,309
1231,1096
1232,348
1233,158
1234,127
1235,127
1236,348
1237,3574
1238,1096
1239,127
1240,1236
1241,1096
1242,309
1243,319
1244,Ungroupable
1245,754
1246,348
1247,1586
1248,1771
1249,247
1250,271
1251,213
1252,63
1253,1254
1254,73
1255,1771
1256,426
1257,891
1258,90
1259,90
1260,949
1261,2720
1262,1771
1263,158
1264,199
1265,Ungroupable
1266,426
1267,20
1268,1038
1269,42
1270,426
1271,1771
1272,Ungroupable
1273,182
1274,2962
1275,1771
1276,3087
1277,455
1278,Ungroupable
1279,38
1280,2717
1281,190
1282,271
1283,1586
1284,1271
1285,606
1286,3574
1287,714
1288,38
1289,73
1290,Ungroupable
1291,55
1292,1771
1293,271
1294,559
1295,1958
1296,309
1297,732
1298,2028
1299,732
1300,426
1301,3311
1302,38
1303,426
1304,309
1305,158
1306,199
1307,3574
1308,801
1309,949
1310,212
1311,1665
1312,309
1313,309
1314,Ungroupable
1315,271
1316,1695
1317,20
1318,229
1319,271
1320,2209
1321,1771
1322,409
1323,1771
1324,199
1325,20
1326,309
1327,137
1328,271
1329,38
1330,2599
1331,348
1332,124
1333,124
1334,137
1335,3087
1336,1215
1337,3087
1338,142
1339,958
1340,1340
1341,533
1342,63
1343,426
1344,73
1345,1771
1346,186
1347,2209
1348,137
1349,426
1350,426
1351,158
1352,158
1353,2599
1354,1096
1355,Ungroupable
1356,309
1357,247
1358,53
1359,309
1360,1586
1361,463
1362,1771
1363,38
1364,199
1365,1771
1366,38
1367,426
1368,1038
1369,309
1370,63
1371,1379
1372,158
1373,42
1374,158
1375,55
1376,231
1377,231
1378,Ungroupable
1379,426
1380,20
1381,3184
1382,240
1383,158
1384,1038
1385,247
1386,90
1387,1387
1388,1464
1389,515
1390,231
1391,348
1392,199
1393,1418
1394,1430
1395,1958
1396,Ungroupable
1397,777
1398,1024
1399,127
1400,1958
1401,1401
1402,1430
1403,237
1404,1412
1405,1958
1406,1412
1407,1430
1408,237
1409,1958
1410,20
1411,237
1412,663
1413,1077
1414,1077
1415,20
1416,1418
1417,533
1418,20
1419,1021
1420,158
1421,3087
1422,307
1423,307
1424,42
1425,366
1426,237
1427,3597
1428,237
1429,237
1430,20
1431,463
1432,17
1433,17
1434,190
1435,1958
1436,497
1437,17
1438,661
1439,352
1440,3597
1441,3087
1442,Ungroupable
1443,3087
1444,Ungroupable
1445,17
1446,390
1447,283
1448,390
1449,1958
1450,190
1451,Ungroupable
1452,755
1453,186
1454,309
1455,559
1456,Ungroupable
1457,309
1458,42
1459,42
1460,90
1461,55
1462,213
1463,127
1464,1464
1465,137
1466,17
1467,3087
1468,51
1469,442
1470,3380
1471,90
1472,190
1473,1115
1474,1115
1475,139
1476,3087
1477,1418
1478,3087
1479,348
1480,158
1481,165
1482,1449
1483,20
1484,20
1485,168
1486,168
1487,168
1488,168
1489,501
1490,168
1491,213
1492,199
1493,1387
1494,958
1495,958
1496,958
1497,958
1498,1054
1499,3597
1500,Ungroupable
1501,199
1502,Ungroupable
1503,168
1504,301
1505,352
1506,Ungroupable
1507,90
1508,2209
1509,426
1510,190
1511,151
1512,Ungroupable
1513,168
1514,168
1515,2904
1516,1054
1517,1115
1518,1132
1519,3035
1520,3597
1521,42
1522,158
1523,20
1524,168
1525,309
1526,Ungroupable
1527,1526
1528,142
1529,907
1530,891
1531,625
1532,3597
1533,1749
1534,Ungroupable
1535,352
1536,90
1537,1054
1538,1586
1539,893
1540,1054
1541,1958
1542,352
1543,958
1544,390
1545,311
1546,137
1547,137
1548,1054
1549,893
1550,1054
1551,1054
1552,755
1553,3087
1554,2351
1555,3264
1556,801
1557,178
1558,2098
1559,390
1560,309
1561,1096
1562,73
1563,142
1564,178
1565,178
1566,390
1567,1271
1568,2904
1569,1771
1570,3087
1571,1934
1572,1387
1573,307
1574,199
1575,2753
1576,395
1577,127
1578,409
1579,Ungroupable
1580,137
1581,395
1582,90
1583,1054
1584,1054
1585,468
1586,1586
1587,90
1588,142
1589,137
1590,127
1591,1132
1592,1115
1593,1054
1595,268
1596,933
1597,124
1598,137
1599,2047
1600,127
1601,26
1602,442
1603,1586
1604,199
1605,199
1606,199
1607,309
1608,352
1609,497
1610,Ungroupable
1611,497
1612,497
1613,561
1614,42
1615,1387
1616,42
1617,137
1618,199
1619,90
1620,1698
1621,233
1622,233
1623,958
1624,1771
1625,309
1626,1758
1627,1771
1628,309
1629,157
1630,1958
1631,3597
1632,309
1633,1958
1634,1771
1635,1632
1636,1958
1637,157
1638,348
1639,1771
1640,1958
1641,309
1642,1494
1643,309
1644,1634
1645,237
1646,42
1647,Ungroupable
1648,463
1649,1054
1650,937
1651,1771
1652,1096
1653,1632
1654,1627
1655,801
1656,199
1657,1804
1658,427
1659,732
1660,1031
1661,426
1662,801
1663,1771
1664,1641
1665,801
1666,427
1667,1771
1668,2069
1669,1771
1670,1662
1671,801
1672,Ungroupable
1673,426
1674,1096
1675,1771
1676,1885
1677,427
1678,348
1679,426
1680,1489
1681,348
1682,348
1683,199
1684,497
1685,346
1686,1696
1687,1687
1688,199
1689,345
1690,199
1691,38
1692,2753
1693,127
1694,348
1695,90
1696,199
1697,199
1698,1685
1699,199
1700,199
1701,428
1702,2778
1703,3789
1704,348
1705,199
1706,199
1707,199
1708,497
1709,199
1710,127
1711,199
1712,168
1713,42
1714,390
1715,199
1716,348
1717,1179
1718,497
1719,199
1720,801
1721,801
1722,801
1723,426
1724,801
1725,1839
1726,1203
1727,559
1728,455
1729,732
1730,268
1731,352
1732,928
1733,104
1734,928
1735,348
1736,73
1737,199
1738,199
1739,1464
1740,1464
1741,2473
1742,497
1743,199
1744,348
1745,Ungroupable
1746,958
1747,1054
1748,Ungroupable
1749,1958
1750,1529
1751,426
1752,426
1753,309
1754,1958
1755,309
1756,357
1757,Ungroupable
1758,Ungroupable
1759,1771
1760,352
1761,Ungroupable
1762,309
1763,271
1764,1525
1765,42
1766,Ungroupable
1767,958
1768,1632
1769,1771
1770,1758
1771,1771
1772,352
1781,732
1782,427
1783,Ungroupable
1784,426
1785,Ungroupable
1786,309
1787,199
1788,1675
1789,801
1791,801
1792,Ungroupable
1793,714
1794,Ungroupable
1797,1665
1798,714
1799,714
1800,714
1802,1771
1803,1525
1804,426
1805,1387
1807,90
1808,42
1809,426
1810,1387
1811,352
1812,1938
1813,1606
1815,1387
1816,199
1817,42
1818,1818
1819,63
1820,42
1821,42
1822,442
1823,42
1824,1387
1825,3043
1827,1387
1828,1387
1830,622
1831,625
1832,1387
1833,1769
1834,1958
1835,1958
1836,896
1837,2209
1838,949
1839,1839
1840,2473
1841,309
1842,271
1843,426
1844,55
1845,390
1846,73
1847,124
1848,442
1849,427
1850,309
1851,1203
1852,Ungroupable
1853,714
1854,1665
1855,1751
1856,309
1857,1340
1858,1722
1859,Ungroupable
1860,801
1861,1667
1862,455
1863,90
1864,801
1865,1223
1866,168
1867,73
1868,160
1869,1387
1870,42
1871,1958
1872,42
1873,1096
1874,Ungroupable
1875,63
1876,1771
1877,124
1878,2047
1879,958
1880,1958
1881,137
1882,231
1883,51
1884,182
1885,1885
1886,90
1887,231
1888,893
1889,55
1890,1271
1891,390
1892,Ungroupable
1893,178
1894,Ungroupable
1895,73
1896,732
1897,231
1898,442
1899,Ungroupable
1900,426
1901,1771
1902,3574
1903,178
1904,2018
1905,2351
1906,55
1907,3574
1908,1804
1909,467
1910,433
1911,467
1912,426
1913,426
1914,42
1915,264
1916,Ungroupable
1917,168
1918,1804
1919,63
1920,427
1921,606
1922,Ungroupable
1923,1959
1924,1487
1925,90
1926,309
1927,714
1928,1487
1929,1271
1930,1271
1931,455
1932,1054
1933,309
1934,1215
1935,1635
1936,1632
1937,Ungroupable
1938,426
1939,1607
1940,1543
1941,1769
1942,1754
1943,1054
1944,Ungroupable
1945,309
1946,1934
1947,426
1948,42
1949,Ungroupable
1950,2580
1951,931
1952,442
1953,2430
1954,1203
1955,949
1956,309
1957,1340
1958,1958
1959,1959
1960,1387
1961,199
1962,1271
1963,352
1964,301
1965,247
1966,1586
1967,1340
1968,754
1969,1387
1970,168
1971,168
1972,1769
1973,1645
1974,Ungroupable
1975,38
1976,3184
1977,2467
1978,1771
1979,3574
1980,426
1981,1038
1982,168
1983,714
1984,3111
1985,Ungroupable
1986,Ungroupable
1987,Ungroupable
1988,Ungroupable
1989,Ungroupable
1990,Ungroupable
1991,199
1992,Ungroupable
1993,213
1994,307
1995,307
1996,182
1997,63
1998,63
1999,352
2001,63
2002,63
2004,352
2005,949
2006,Ungroupable
2007,Ungroupable
2008,2049
2009,182
2010,352
2011,390
2012,1038
2013,20
2014,20
2015,20
2016,Ungroupable
2017,127
2018,1645
2019,309
2020,1096
2021,247
2022,85
2023,311
2024,2064
2025,2032
2026,42
2027,42
2028,352
2029,42
2030,42
2031,268
2032,2033
2033,352
2034,1958
2035,352
2036,1458
2037,352
2038,2041
2039,2028
2040,2028
2041,352
2042,2028
2043,178
2044,309
2045,1096
2046,309
2047,439
2048,2047
2049,55
2050,1115
2051,307
2052,928
2053,352
2054,801
2055,178
2056,1223
2057,309
2058,309
2059,268
2060,2028
2061,309
2062,309
2063,53
2064,1096
2065,309
2066,309
2067,1096
2068,1096
2069,309
2070,247
2071,309
2072,309
2073,1096
2074,309
2075,309
2076,309
2077,90
2078,178
2079,2092
2080,309
2081,63
2082,63
2083,3390
2084,73
2085,2209
2086,2041
2087,2036
2088,268
2089,2973
2090,2018
2091,2018
2092,2092
2093,801
2094,801
2095,Ungroupable
2096,2098
2097,2098
2098,2098
2099,801
2100,239
2101,2028
2102,870
2103,Ungroupable
2104,2117
2105,90
2106,90
2107,2838
2108,90
2109,90
2110,90
2111,90
2112,90
2113,90
2114,468
2115,352
2116,239
2117,2117
2118,3597
2119,268
2120,3111
2121,1340
2122,2032
2123,1645
2124,142
2125,2804
2126,268
2127,384
2128,2028
2129,309
2130,26
2131,73
2132,801
2133,2041
2134,Ungroupable
2135,309
2136,20
2137,309
2138,309
2139,1096
2140,264
2141,90
2142,2028
2143,90
2144,63
2145,2039
2146,1645
2147,247
2148,1387
2149,442
2150,42
2151,42
2152,1021
2153,348
2154,319
2155,2036
2156,2209
2157,409
2158,55
2159,455
2160,247
2161,Ungroupable
2162,Ungroupable
2163,137
2164,127
2165,345
2166,178
2167,178
2168,352
2169,178
2170,1586
2171,231
2172,182
2173,2209
2174,168
2175,42
2176,Ungroupable
2177,1387
2178,1387
2179,38
2180,42
2181,194
2182,42
2183,63
2184,168
2185,1460
2186,1959
2187,168
2188,442
2189,1687
2190,127
2191,1387
2192,63
2193,63
2194,1997
2195,3597
2196,754
2197,606
2198,754
2199,3574
2200,2192
2201,199
2202,427
2203,55
2204,1124
2205,433
2206,426
2207,427
2208,199
2209,2209
2210,958
2211,958
2212,73
2213,42
2214,90
2215,801
2216,307
2217,1958
2218,463
2219,870
2220,Ungroupable
2221,2028
2222,801
2223,247
2224,63
2225,2117
2226,90
2227,63
2228,931
2229,Ungroupable
2230,124
2231,42
2232,2053
2233,Ungroupable
2234,1632
2235,Ungroupable
2236,352
2237,309
2238,233
2239,199
2240,1038
2241,1771
2242,Ungroupable
2243,199
2244,304
2245,199
2246,199
2247,199
2248,37
2249,2436
2250,1687
2251,199
2252,199
2253,90
2254,90
2255,73
2256,199
2257,90
2258,1687
2259,1695
2260,1118
2261,199
2262,Ungroupable
2263,1696
2264,1155
2265,124
2266,1118
2267,199
2268,958
2269,124
2270,3789
2271,517
2272,127
2273,73
2274,348
2275,428
2276,1687
2277,38
2278,199
2279,428
2280,1696
2281,38
2282,2441
2283,3264
2284,2254
2285,2441
2286,1698
2287,2441
2288,3336
2289,38
2290,38
2291,199
2292,1696
2293,199
2294,1118
2295,199
2296,348
2297,1118
2298,199
2299,1696
2300,428
2301,1118
2302,428
2303,1118
2304,1118
2305,1696
2306,1695
2307,199
2308,514
2309,348
2310,73
2311,1118
2312,1105
2313,127
2314,1698
2315,929
2316,929
2317,2436
2318,514
2319,1142
2320,514
2321,348
2322,199
2323,1118
2324,127
2325,501
2326,124
2327,199
2328,Ungroupable
2329,124
2330,798
2331,1118
2332,2473
2333,2758
2334,515
2335,1696
2336,2441
2337,170
2338,1695
2339,199
2340,3805
2341,798
2342,73
2343,346
2344,501
2345,1687
2346,501
2347,73
2348,501
2349,348
2350,497
2351,2351
2352,221
2353,2352
2354,Ungroupable
2355,2351
2356,2351
2357,Ungroupable
2358,199
2359,199
2360,2457
2361,90
2362,90
2363,497
2364,1656
2365,1118
2366,127
2367,127
2368,309
2369,199
2370,2473
2371,199
2372,1695
2373,1687
2374,497
2375,1118
2376,1463
2377,2473
2378,428
2379,199
2380,Ungroupable
2381,497
2382,2473
2383,2473
2384,231
2385,38
2386,2473
2387,452
2388,Ungroupable
2389,1464
2390,348
2391,309
2392,2435
2393,199
2394,1155
2395,2454
2396,90
2397,1155
2398,2351
2399,1096
2400,345
2401,426
2402,1900
2403,26
2404,2480
2405,127
2406,426
2407,2352
2408,1771
2409,Ungroupable
2410,3264
2411,1464
2412,199
2413,427
2414,426
2415,898
2416,517
2417,470
2418,199
2419,1464
2420,2337
2421,1216
2422,2288
2423,1464
2424,501
2425,936
2426,427
2427,199
2428,199
2429,199
2430,199
2431,90
2432,199
2433,199
2434,929
2435,199
2436,90
2437,127
2438,199
2439,1696
2440,1696
2441,2441
2442,1696
2443,2288
2444,1695
2445,38
2446,199
2447,1696
2448,1118
2449,1118
2450,2436
2451,929
2452,38
2453,1687
2454,514
2455,1687
2456,2454
2457,199
2458,345
2459,1118
2460,1229
2461,2454
2462,2442
2463,1687
2464,1698
2465,501
2466,1695
2467,2467
2468,1216
2469,2351
2470,2473
2471,497
2472,2453
2473,2473
2474,2473
2475,2473
2476,426
2477,426
2478,Ungroupable
2479,347
2480,1771
2481,199
2482,127
2483,1464
2484,2473
2485,2351
2486,898
2487,348
2488,Ungroupable
2489,1118
2490,Ungroupable
2491,1142
2492,929
2493,2530
2494,1118
2495,497
2496,38
2497,1698
2498,1463
2499,3268
2500,2473
2501,1695
2502,73
2503,127
2504,199
2505,1144
2506,199
2507,1696
2508,1687
2509,1707
2510,497
2511,1340
2512,199
2513,38
2514,352
2515,801
2516,1223
2517,1560
2518,264
2519,55
2520,3574
2521,427
2522,1938
2523,3597
2524,2028
2525,390
2526,158
2527,2028
2528,2530
2529,1118
2530,38
2531,1118
2532,73
2533,Ungroupable
2534,90
2535,348
2536,2473
2537,427
2538,427
2539,199
2540,1696
2541,2288
2542,1464
2543,Ungroupable
2544,1695
2545,267
2546,42
2547,90
2548,190
2549,90
2550,142
2551,124
2552,124
2553,3087
2554,23
2555,307
2556,Ungroupable
2557,20
2558,1115
2559,1586
2560,352
2561,455
2562,1054
2563,401
2564,124
2565,63
2566,929
2567,127
2568,1096
2569,3311
2570,949
2571,158
2572,517
2573,192
2574,348
2575,1958
2576,1340
2577,1958
2578,199
2579,1771
2580,190
2581,433
2582,625
2583,124
2584,90
2585,1353
2586,352
2587,3087
2588,455
2589,1839
2590,304
2591,17
2592,3477
2593,426
2594,231
2595,Ungroupable
2596,426
2597,3574
2598,247
2599,907
2600,1359
2601,426
2602,158
2603,2064
2604,1771
2605,63
2606,Ungroupable
2607,90
2608,352
2609,42
2610,426
2611,1387
2612,426
2613,427
2614,1771
2615,42
2616,2720
2617,1340
2618,436
2619,2069
2620,63
2621,426
2622,124
2623,384
2624,2047
2625,2117
2626,1771
2627,1958
2628,1997
2629,1458
2630,1771
2631,311
2632,754
2633,26
2634,Ungroupable
2635,309
2636,3111
2637,309
2638,Ungroupable
2639,217
2640,1096
2641,2028
2642,3184
2643,1115
2644,307
2645,3087
2646,247
2647,1900
2648,247
2649,625
2650,2976
2651,426
2652,1021
2653,442
2654,124
2655,182
2656,426
2657,442
2658,307
2659,247
2660,3184
2661,269
2662,2454
2663,90
2664,1645
2665,1543
2666,1054
2667,1054
2668,559
2669,1054
2670,2209
2671,Ungroupable
2672,23
2673,352
2674,468
2675,42
2676,348
2677,348
2678,348
2679,348
2680,267
2681,90
2682,90
2683,1229
2684,319
2685,348
2686,127
2687,90
2688,199
2689,90
2690,127
2691,348
2692,127
2693,1236
2694,127
2695,124
2696,124
2697,319
2698,90
2699,891
2700,127
2701,2703
2702,2703
2703,409
2704,754
2705,1885
2706,63
2707,63
2708,1387
2709,1387
2710,Ungroupable
2711,Ungroupable
2712,422
2713,Ungroupable
2714,73
2715,168
2716,Ungroupable
2717,958
2718,1883
2719,433
2720,2720
2721,958
2722,2167
2723,559
2724,1958
2725,Ungroupable
2726,1771
2727,1387
2728,Ungroupable
2729,1885
2730,199
2731,63
2732,1387
2733,1353
2734,1997
2735,38
2736,Ungroupable
2737,199
2738,2288
2739,2467
2740,501
2741,158
2742,348
2743,2753
2744,73
2745,501
2746,2473
2747,73
2748,Ungroupable
2749,73
2750,73
2751,26
2752,38
2753,199
2754,199
2755,2351
2756,1118
2757,Ungroupable
2758,1142
2759,200
2760,Ungroupable
2761,38
2762,2351
2763,2351
2764,345
2765,90
2766,199
2767,2467
2768,2433
2769,199
2770,2457
2771,199
2772,38
2773,1656
2774,1216
2775,73
2776,158
2777,2778
2778,127
2779,37
2780,345
2781,Ungroupable
2782,1771
2783,2275
2784,514
2785,90
2786,2436
2787,199
2788,Ungroupable
2789,2351
2790,199
2791,345
2792,127
2793,199
2794,38
2795,1695
2796,477
2797,1118
2798,38
2799,3129
2800,38
2801,1055
2802,1687
2803,247
2804,2351
2805,38
2806,1687
2807,38
2808,2336
2809,2288
2810,2351
2811,38
2812,127
2813,127
2814,73
2815,73
2816,1387
2817,142
2818,390
2819,2035
2820,42
2821,63
2822,Ungroupable
2823,Ungroupable
2824,231
2825,426
2826,1401
2827,352
2828,288
2829,567
2830,63
2831,359
2832,127
2833,1997
2834,2028
2835,390
2836,893
2837,Ungroupable
2838,352
2839,1645
2840,2838
2841,390
2842,893
2843,1340
2844,3111
2845,1958
2846,90
2847,178
2848,247
2849,2146
2850,127
2851,309
2852,124
2853,158
2854,20
2855,63
2856,190
2857,20
2858,63
2859,38
2860,207
2861,2047
2862,63
2863,471
2864,810
2865,63
2866,90
2867,90
2868,124
2869,47
2870,Ungroupable
2871,426
2872,404
2873,237
2874,2889
2875,1340
2876,127
2877,352
2878,Ungroupable
2879,53
2880,309
2881,1340
2882,1340
2883,199
2884,168
2885,63
2886,949
2887,362
2888,Ungroupable
2889,442
2890,38
2891,124
2892,309
2893,Ungroupable
2894,1038
2895,2441
2896,38
2897,1460
2898,426
2899,168
2900,442
2901,168
2902,168
2903,20
2904,390
2905,20
2906,63
2907,63
2908,168
2909,63
2910,63
2911,845
2912,Ungroupable
2913,301
2914,63
2915,893
2916,442
2917,442
2918,442
2919,442
2920,442
2921,63
2922,55
2923,442
2924,63
2925,213
2926,55
2927,55
2928,63
2929,190
2930,55
2931,127
2932,1819
2933,1938
2934,168
2935,63
2936,426
2937,539
2938,213
2939,63
2940,63
2941,63
2942,845
2943,442
2944,213
2945,63
2946,63
2947,63
2948,63
2949,63
2950,63
2951,63
2952,63
2953,63
2954,63
2955,63
2956,63
2957,63
2958,63
2959,63
2960,63
2961,63
2962,63
2963,63
2964,264
2965,533
2966,239
2967,1458
2968,190
2969,426
2970,426
2971,426
2972,395
2973,137
2974,1958
2975,55
2976,390
2977,1958
2978,2976
2979,1958
2980,1958
2981,1387
2982,73
2983,73
2984,73
2985,1804
2986,427
2987,73
2988,1958
2989,426
2990,426
2991,426
2992,426
2993,426
2994,2976
2995,426
2996,719
2997,427
2998,38
2999,625
3000,63
3001,467
3002,137
3003,426
3004,1387
3005,1387
3006,124
3007,124
3008,267
3009,127
3010,124
3011,267
3012,124
3013,124
3014,124
3015,199
3016,1387
3017,1387
3018,1387
3019,1387
3020,124
3021,1387
3022,124
3023,124
3024,124
3025,151
3026,124
3027,137
3028,137
3029,3031
3030,3031
3031,137
3032,137
3033,1281
3034,1281
3035,442
3036,142
3037,137
3038,142
3039,137
3040,137
3041,137
3042,390
3043,390
3044,390
3045,1281
3046,2580
3047,190
3048,2580
3049,1958
3050,190
3051,190
3052,ung
3053,2580
3054,63
3055,213
3056,63
3057,677
3058,3087
3059,390
3060,63
3061,63
3062,38
3063,38
3064,38
3065,1179
3066,38
3067,1021
3068,42
3069,395
3070,442
3071,442
3072,42
3073,1021
3074,1021
3075,1021
3076,352
3077,267
3078,269
3079,442
3080,178
3081,352
3082,38
3083,137
3084,137
3085,137
3086,3087
3087,1958
3088,1387
3089,1387
3090,501
3091,501
3092,501
3093,501
3094,309
3095,390
3096,1958
3097,190
3098,53
3099,309
3100,309
3101,309
3102,871
3103,309
3104,2351
3105,247
3106,3311
3107,190
3108,390
3109,20
3110,63
3111,190
3112,20
3113,190
3114,1115
3115,1115
3116,1115
3117,1115
3118,390
3119,390
3120,390
3121,390
3122,190
3123,190
3124,190
3125,190
3126,390
3127,390
3128,90
3129,90
3130,1771
3131,390
3132,239
3133,3111
3134,85
3135,3111
3136,182
3137,311
3138,142
3139,90
3140,1925
3141,1925
3142,38
3143,1804
3144,426
3145,1938
3146,426
3147,2337
3148,426
3149,1340
3150,1489
3151,158
3152,1387
3153,158
3154,158
3155,158
3156,158
3157,158
3158,158
3159,158
3160,931
3161,158
3162,419
3163,3165
3164,3165
3165,3165
3166,3165
3167,1958
3168,3641
3169,Ungroupable
3170,63
3171,442
3172,63
3173,137
3174,1115
3175,1115
3176,949
3177,84
3178,1271
3179,Ungroupable
3180,1864
3181,1360
3182,1771
3183,1771
3184,1271
3185,1271
3186,1771
3187,Ungroupable
3188,137
3189,63
3190,168
3191,Ungroupable
3192,168
3193,1038
3194,168
3195,1038
3196,801
3197,1387
3198,213
3199,810
3200,240
3201,404
3202,53
3203,Ungroupable
3204,90
3205,Ungroupable
3206,Ungroupable
3207,1236
3208,1236
3209,348
3210,348
3211,348
3212,319
3213,1229
3214,487
3215,20
3216,22
3217,1151
3218,127
3219,90
3220,2687
3221,2288
3222,1687
3223,2351
3224,73
3225,2352
3226,501
3227,1687
3228,2758
3229,1687
3230,90
3231,124
3232,515
3233,501
3234,Ungroupable
3235,345
3236,Ungroupable
3237,73
3238,127
3239,127
3240,497
3241,38
3242,2244
3243,199
3244,2441
3245,73
3246,260
3247,199
3248,390
3249,1687
3250,199
3251,1055
3252,428
3253,199
3254,186
3255,73
3256,260
3257,1687
3258,3348
3259,348
3260,348
3261,3589
3262,73
3263,73
3264,127
3265,127
3266,199
3267,3336
3268,38
3269,1115
3270,127
3271,73
3272,2288
3273,1468
3274,426
3275,Ungroupable
3276,3311
3277,501
3278,1096
3279,1055
3280,73
3281,428
3282,309
3283,304
3284,426
3285,1157
3286,1118
3287,124
3288,2209
3289,1118
3290,3292
3291,247
3292,199
3293,199
3294,514
3295,1687
3296,929
3297,73
3298,124
3299,73
3300,426
3301,2336
3302,199
3303,348
3304,653
3305,38
3306,1468
3307,307
3308,714
3309,38
3310,1340
3311,3311
3312,309
3313,90
3314,38
3315,2778
3316,63
3317,2028
3318,1096
3319,352
3320,158
3321,73
3322,1266
3323,714
3324,127
3325,2467
3326,124
3327,1021
3328,1422
3329,352
3330,20
3331,158
3332,90
3333,426
3334,2247
3335,1818
3336,90
3337,1818
3338,231
3339,124
3340,Ungroupable
3341,Ungroupable
3342,1641
3343,264
3344,426
3345,Ungroupable
3346,1118
3347,42
3348,309
3349,348
3350,63
3351,1687
3352,3574
3353,3574
3354,359
3355,2287
3356,559
3357,311
3358,1096
3359,Ungroupable
3360,2287
3361,Ungroupable
3362,Ungroupable
3363,1586
3364,42
3365,42
3366,51
3367,1054
3368,1223
3369,309
3370,247
3371,Ungroupable
3372,90
3373,3574
3374,3574
3375,309
3376,309
3377,3574
3378,384
3379,309
3380,3574
3381,606
3382,3574
3383,3574
3384,567
3385,3377
3386,567
3387,567
3388,426
3389,426
3390,63
3391,426
3392,2351
3393,1223
3394,606
3395,247
3396,426
3397,352
3398,426
3399,309
3400,264
3401,247
3402,124
3403,271
3404,577
3405,42
3406,309
3407,1271
3408,309
3409,1771
3410,1958
3411,1362
3412,1749
3413,1771
3414,1635
3415,463
3416,288
3417,1654
3418,162
3419,1818
3420,63
3421,1818
3422,1387
3423,124
3424,1387
3425,958
3426,958
3427,958
3428,958
3429,1654
3430,1627
3431,931
3432,352
3433,157
3434,20
3435,1096
3436,42
3437,352
3438,Ungroupable
3439,3001
3440,3458
3441,2211
3442,3574
3443,309
3444,248
3445,309
3446,309
3447,309
3448,455
3449,42
3450,1105
3451,352
3452,3574
3453,893
3454,1771
3455,390
3456,1054
3457,309
3458,352
3459,248
3460,442
3461,3574
3462,1958
3463,1586
3464,42
3465,958
3466,352
3467,289
3468,1958
3469,1771
3470,309
3471,240
3472,Ungroupable
3473,309
3474,455
3475,268
3476,Ungroupable
3477,309
3478,42
3479,3574
3480,309
3481,352
3482,Ungroupable
3483,893
3484,352
3485,309
3486,63
3487,1526
3488,137
3489,42
3490,190
3491,Ungroupable
3492,Ungroupable
3493,1282
3494,1387
3495,714
3496,862
3497,1645
3498,1645
3499,Ungroupable
3500,1266
3501,1387
3502,1645
3503,309
3504,1054
3505,1054
3506,439
3507,3574
3508,3574
3509,1105
3510,42
3511,352
3512,1958
3513,1132
3514,309
3515,1645
3516,1973
3517,1096
3518,352
3519,309
3520,393
3521,390
3522,1606
3523,199
3524,217
3525,90
3526,1126
3527,348
3528,124
3529,73
3530,1340
3531,1340
3532,390
3533,Ungroupable
3534,393
3535,448
3536,432
3537,348
3538,319
3539,348
3540,127
3541,Ungroupable
3542,319
3543,1340
3544,1340
3545,1021
3546,875
3547,Ungroupable
3548,Ungroupable
3549,1031
3550,3390
3551,309
3552,20
3553,20
3554,20
3555,20
3556,20
3557,20
3558,20
3559,20
3560,20
3561,20
3562,442
3563,442
3564,442
3565,442
3566,63
3567,63
3568,63
3569,893
3570,Ungroupable
3571,55
3572,3390
3573,63
3574,3574
3575,63
3576,442
3577,3574
3578,63
3579,301
3580,63
3581,168
3582,63
3583,63
3584,442
3585,3001
3586,127
3587,73
3588,2209
3589,427
3590,3589
3591,426
3592,231
3593,271
3594,Ungroupable
3595,1958
3596,714
3597,1958
3598,891
3599,714
3600,719
3601,426
3602,1804
3603,73
3604,426
3605,2018
3606,213
3607,213
3608,442
3609,168
3610,442
3611,625
3612,124
3613,1387
3614,124
3615,1387
3616,1387
3617,142
3618,561
3619,Ungroupable
3620,Ungroupable
3621,63
3622,25
3623,1229
3624,348
3625,348
3626,1601
3627,26
3628,426
3629,26
3630,124
3631,442
3632,63
3633,38
3634,38
3635,2277
3636,1387
3637,127
3638,37
3639,38
3640,801
3641,352
3642,352
3643,801
3644,38
3645,1362
3646,1586
3647,264
3648,1021
3649,Ungroupable
3650,Ungroupable
3651,178
3652,178
3653,124
3654,3087
3655,3087
3656,3087
3657,3087
3658,3087
3659,1430
3660,3087
3661,3087
3662,1883
3663,428
3664,875
3665,Ungroupable
3666,628
3667,309
3668,309
3669,247
3670,247
3671,426
3672,426
3673,271
3674,271
3675,Ungroupable
3676,1973
3677,Ungroupable
3678,309
3679,3311
3680,1096
3681,719
3682,271
3683,271
3684,2028
3685,390
3686,3111
3687,352
3688,90
3689,168
3690,90
3691,426
3692,1641
3693,1340
3694,1340
3695,933
3696,158
3697,158
3698,158
3699,158
3700,248
3701,231
3702,543
3703,1115
3704,124
3705,592
3706,Ungroupable
3707,426
3708,307
3709,1038
3710,1038
3711,182
3712,231
3713,17
3714,436
3715,567
3716,2473
3717,260
3718,2035
3719,158
3720,Ungroupable
3721,20
3722,Ungroupable
3723,309
3724,442
3725,63
3726,90
3727,1387
3728,1340
3729,63
3730,199
3731,168
3732,213
3733,90
3734,3087
3735,213
3736,1615
3737,1958
3738,409
3739,470
3740,470
3741,73
3742,73
3743,73
3744,73
3745,73
3746,898
3747,73
3748,497
3749,199
3750,199
3751,199
3752,124
3753,199
3754,199
3755,199
3756,199
3757,199
3758,127
3759,477
3760,348
3761,199
3762,Ungroupable
3763,348
3764,348
3765,1606
3766,1464
3767,348
3768,127
3769,26
3770,1179
3771,2288
3772,3336
3773,1696
3774,1696
3775,1696
3776,1696
3777,2433
3778,2433
3779,1696
3780,1707
3781,Ungroupable
3782,2433
3783,2351
3784,199
3785,199
3786,199
3787,127
3788,428
3789,2244
3790,2288
3791,1695
3792,1695
3793,1695
3794,90
3795,428
3796,428
3797,428
3798,3788
3799,2275
3800,428
3801,428
3802,2257
3803,501
3804,2778
3805,428
3806,3788
3807,2351
3808,1096
3809,1687
3810,1463
3811,1687
3812,1687
3813,1687
3814,Ungroupable
3815,1157
3816,38
3817,1118
3818,1157
3819,1157
3820,1157
3821,909
3822,Ungroupable
3823,1900
3824,2477
3825,514
3826,73
3827,345
3828,199
3829,90
3830,345
3831,345
3832,345
3833,2457
3834,2457
3835,3831
3836,958
3837,233
3838,Ungroupable
3839,2435
3840,127
3841,1463
3842,1463
3843,3788
3844,199