ST,NG-STAR_CC
1,190
2,1401
3,334
4,348
5,1229
6,6169
7,208
8,311
9,63
10,127
11,845
12,472
13,1400
14,104
15,15
16,90
17,17
18,17
19,20
20,20
21,Ungroupable
22,127
23,15
24,6233
25,348
26,26
27,26
28,26
29,26
30,26
31,26
32,26
33,26
34,311
35,127
36,127
37,127
38,38
39,38
40,Ungroupable
41,Ungroupable
42,42
43,42
44,178
45,893
46,307
47,3043
48,142
49,142
50,1109
51,199
52,370
53,309
54,63
55,63
56,55
57,301
58,63
59,213
60,63
61,301
62,845
63,63
64,63
65,63
66,63
67,63
68,63
69,5994
70,889
71,73
72,73
73,73
74,2655
75,63
76,1118
77,79
78,79
79,79
80,79
81,1958
82,84
83,239
84,352
85,239
86,1115
87,239
88,90
89,90
90,90
91,90
92,90
93,90
94,90
95,90
96,90
97,90
98,90
99,90
100,90
101,90
102,90
103,90
104,104
105,6234
106,6234
107,6234
108,883
109,104
110,20
111,90
112,Ungroupable
113,199
114,199
115,158
116,3165
117,104
118,240
119,79
120,3111
121,158
122,127
123,127
124,90
125,90
126,127
127,127
128,127
129,127
130,151
131,127
132,90
133,38
134,90
135,38
136,90
137,442
138,442
139,442
140,3035
141,3035
142,442
143,3035
144,3043
145,26
146,20
147,3035
148,199
149,127
150,90
151,127
152,90
153,190
154,90
155,38
156,90
157,42
158,158
159,42
160,178
161,1061
162,442
163,127
165,158
167,63
168,168
169,190
170,427
171,1061
172,1061
173,Ungroupable
174,178
175,38
176,231
177,127
178,178
179,178
180,1102
181,442
182,301
183,63
184,63
185,63
186,2209
187,2655
188,845
189,212
190,190
191,178
192,301
193,168
194,90
195,90
196,90
197,90
198,3043
199,199
200,345
201,38
202,73
203,428
204,127
205,3043
206,20
207,1958
208,127
209,127
210,63
211,63
212,63
213,63
214,307
215,20
216,2092
217,1662
218,127
219,63
220,395
221,221
222,137
223,63
224,2047
225,127
226,348
227,348
228,42
229,1271
230,352
231,1958
232,348
233,199
234,190
235,1115
236,1645
237,20
238,1115
239,190
240,63
241,301
242,213
243,Ungroupable
244,63
245,301
246,63
247,309
248,309
249,309
250,90
251,63
252,1118
253,127
254,90
255,90
256,90
257,127
258,127
259,452
260,127
261,169
262,127
263,26
264,127
265,345
266,3117
267,127
268,309
269,352
270,178
271,433
272,862
273,2657
274,301
275,2209
276,15
277,1148
278,279
279,442
280,15
281,6234
282,2657
283,127
284,958
285,1154
286,7301
287,104
288,352
289,352
290,63
291,127
292,352
293,301
294,20
295,17
296,395
297,1400
298,370
299,239
300,2047
301,301
302,845
303,90
304,1143
305,309
306,17
307,1400
308,1958
309,309
310,26
311,311
312,38
313,334
314,442
315,Ungroupable
316,1458
317,1816
318,3564
319,90
320,348
321,348
322,958
323,Ungroupable
324,2467
325,3035
326,5148
327,Ungroupable
328,139
329,348
330,348
331,104
332,6234
333,309
334,409
335,127
336,4128
337,2209
338,829
339,1958
340,178
341,3035
342,1645
343,190
344,3035
345,199
346,199
347,199
348,348
349,7004
350,520
351,2036
352,352
353,352
354,468
355,893
356,1271
357,352
358,4825
359,2035
360,4763
361,17
362,520
363,311
364,190
365,1400
366,1115
367,190
368,104
369,867
370,3043
371,20
372,3043
373,3035
374,190
375,142
376,3036
377,127
378,190
379,127
380,6234
381,127
382,63
383,239
384,352
385,127
386,127
387,127
388,190
389,309
390,190
391,893
392,63
393,190
394,63
395,3035
396,127
397,90
398,182
399,239
400,442
401,127
402,893
403,127
404,127
405,1449
406,20
407,1958
408,26
409,127
410,352
411,127
412,63
413,63
414,63
415,301
416,73
417,213
418,1958
419,158
420,199
421,127
422,1958
423,178
424,84
425,3311
426,426
427,427
428,199
429,63
430,73
431,1662
432,442
433,433
434,178
435,178
436,436
437,209
438,3472
439,63
440,63
441,3043
442,442
443,127
444,97
445,455
446,1115
447,63
448,352
449,1632
450,63
451,2657
452,38
453,63
454,63
455,309
456,307
457,127
458,199
459,90
460,442
461,63
462,127
463,352
464,2209
465,442
466,42
467,63
468,352
469,352
470,199
471,142
472,7004
473,239
474,Ungroupable
475,63
476,158
477,127
478,433
479,2209
480,158
481,301
482,63
483,5208
484,395
485,348
486,497
487,348
488,348
489,2351
490,221
491,127
492,348
493,2288
494,2336
495,497
496,38
497,497
498,Ungroupable
499,90
500,127
501,501
502,73
503,2467
504,1118
505,5119
506,199
507,90
508,199
509,2436
510,3292
511,199
512,199
513,199
514,199
515,345
516,158
517,199
520,520
522,178
524,178
526,307
533,1958
534,436
539,1340
543,301
545,190
546,1115
547,2036
548,661
549,63
550,442
551,190
552,3035
553,309
554,199
556,127
557,345
558,127
559,1271
561,958
562,178
563,1958
564,1958
565,1074
567,309
568,1958
569,4479
570,15
571,26
572,127
573,3597
574,Ungroupable
575,Ungroupable
576,2209
577,719
578,1958
579,958
580,5817
581,Ungroupable
583,4450
584,84
585,311
586,463
587,311
588,17
590,127
591,309
592,2209
593,190
595,755
597,5974
598,127
599,564
601,2209
602,Ungroupable
603,409
604,4386
605,Ungroupable
606,1271
607,2503
608,3597
609,127
611,1096
614,139
615,958
616,5608
617,286
618,Ungroupable
620,1643
622,268
623,17
625,5817
626,4936
627,90
628,162
629,1449
630,42
631,Ungroupable
632,1096
633,Ungroupable
635,1054
636,Ungroupable
637,958
638,Ungroupable
639,3311
640,458
641,199
642,501
643,6751
644,17
645,1958
646,2036
647,55
648,520
649,1888
650,1636
651,1401
652,3597
653,3311
654,520
655,893
656,468
657,7013
658,3597
659,661
660,1418
661,661
662,661
663,1645
664,190
665,1077
666,Ungroupable
667,883
668,1362
669,7003
672,2036
673,1115
674,90
676,3035
677,3035
678,678
679,178
681,84
682,559
683,1958
684,309
685,3165
686,190
687,3035
688,84
689,3035
690,1958
691,845
692,Ungroupable
693,127
694,Ungroupable
695,688
696,127
697,127
698,182
699,3035
700,127
701,501
702,142
705,442
706,127
707,2209
708,1271
709,90
710,348
713,20
714,719
715,7319
716,1958
717,63
718,559
719,719
720,90
721,Ungroupable
722,20
723,20
724,1958
725,20
726,1662
727,158
728,1627
729,1958
730,20
731,190
732,715
733,2047
734,1354
735,564
736,84
737,3597
738,1958
739,127
740,1627
741,239
743,309
744,127
745,1115
746,2209
747,239
748,345
749,20
750,352
751,3043
752,2209
753,754
754,2036
755,754
758,90
769,309
774,84
776,1054
777,178
778,426
779,426
780,73
783,127
798,73
801,1662
803,3035
806,240
810,63
827,1608
828,73
829,754
830,4707
831,247
832,3035
833,1271
836,6904
837,1958
838,84
839,439
840,754
841,190
842,754
843,754
844,845
845,845
846,1400
847,2883
848,2028
849,1632
850,20
851,20
852,20
853,90
854,127
855,348
856,3035
857,90
858,127
859,352
860,63
861,1586
862,352
863,352
864,1958
865,1958
866,178
867,1958
868,872
869,1096
870,309
871,309
872,3311
873,3311
874,247
875,309
876,309
877,309
878,872
879,309
880,Ungroupable
881,57
882,63
883,63
884,63
885,830
886,4825
887,2035
888,426
889,199
890,426
891,2209
892,896
893,1958
894,1632
895,73
896,2209
897,427
898,427
899,577
900,73
901,830
902,55
903,63
904,63
905,661
906,1345
907,2467
908,63
909,199
910,199
911,190
912,3111
913,190
914,190
915,1958
916,1958
917,352
918,404
919,199
920,199
921,90
922,90
923,90
924,90
925,90
926,90
927,127
928,139
929,514
930,158
931,158
932,158
933,158
934,127
935,127
936,127
937,127
938,127
939,129
940,127
941,127
942,127
943,182
944,1526
945,1526
946,1526
947,468
948,233
949,949
950,271
951,90
952,90
953,158
954,63
955,307
956,1400
957,2718
958,958
959,63
960,958
961,395
962,20
963,20
964,20
965,301
966,1662
967,3311
968,309
969,968
970,968
971,247
972,845
973,2047
974,2047
975,Ungroupable
976,3564
977,1958
978,1958
979,1771
980,1271
981,738
982,3035
983,301
984,352
985,90
986,158
987,182
988,352
989,104
990,190
991,1958
992,190
993,710
994,90
995,55
996,73
997,90
998,151
999,90
1000,1254
1001,90
1002,345
1003,426
1004,2209
1005,1400
1006,1662
1007,442
1008,127
1009,90
1010,309
1011,38
1012,90
1013,433
1014,90
1015,90
1016,3111
1017,Ungroupable
1018,90
1019,90
1020,289
1021,520
1022,178
1023,1024
1024,1024
1025,127
1026,442
1027,73
1028,307
1029,178
1030,1660
1031,1660
1032,63
1033,2036
1034,213
1035,866
1036,866
1037,158
1038,2655
1039,168
1040,168
1041,168
1042,168
1043,168
1044,168
1045,90
1046,1061
1047,2257
1049,436
1050,127
1051,1271
1052,247
1053,3035
1054,1054
1055,428
1056,2482
1057,1061
1058,127
1059,158
1060,231
1061,1061
1062,1061
1063,90
1064,42
1065,42
1066,63
1067,1061
1068,3111
1069,1958
1070,42
1071,1400
1072,661
1073,1645
1074,1958
1075,20
1076,2586
1077,1077
1078,1958
1079,1958
1080,1958
1081,352
1082,1958
1083,17
1084,1120
1085,343
1086,Ungroupable
1087,1077
1088,661
1089,288
1090,1888
1091,1418
1092,1271
1093,352
1094,352
1095,426
1096,309
1097,309
1098,4758
1099,42
1100,1179
1101,38
1102,199
1103,199
1104,428
1105,958
1106,2431
1107,1143
1108,199
1109,127
1110,428
1111,221
1112,221
1113,17
1114,17
1115,1115
1116,190
1117,190
1118,199
1119,1115
1120,190
1121,190
1122,2146
1123,213
1124,1124
1125,1362
1126,3574
1127,158
1128,352
1129,1271
1130,90
1131,6904
1132,1054
1133,1143
1134,719
1135,348
1136,Ungroupable
1137,428
1138,2473
1139,719
1140,2336
1141,428
1142,1118
1143,1143
1144,1118
1145,348
1146,90
1147,1179
1148,199
1149,1118
1150,1687
1151,38
1152,127
1153,Ungroupable
1154,7301
1155,2336
1156,7078
1157,1118
1158,2337
1159,348
1160,2336
1161,199
1162,348
1163,Ungroupable
1164,497
1165,199
1166,348
1167,428
1168,2480
1169,436
1170,348
1171,90
1172,Ungroupable
1173,1118
1174,3297
1175,501
1176,3336
1177,1157
1178,199
1179,199
1180,2288
1181,199
1182,1687
1183,199
1184,348
1185,199
1186,Ungroupable
1187,2473
1188,348
1189,2430
1190,1143
1191,221
1192,2336
1193,199
1194,2467
1195,428
1196,90
1197,199
1198,1687
1199,497
1200,3111
1201,949
1202,719
1203,719
1204,719
1205,4614
1206,958
1207,1096
1208,2753
1209,561
1210,1271
1211,309
1212,3470
1213,2098
1214,127
1215,1215
1216,38
1217,199
1218,442
1219,158
1220,1340
1221,231
1222,346
1223,309
1224,2209
1225,38
1226,2069
1227,7319
1228,433
1229,348
1230,309
1231,1096
1232,348
1233,158
1234,127
1235,127
1236,348
1237,3380
1238,1096
1239,127
1240,348
1241,1096
1242,309
1243,319
1244,343
1245,384
1246,348
1247,1586
1248,1271
1249,309
1250,433
1251,213
1252,63
1253,1254
1254,73
1255,1271
1256,719
1257,1320
1258,90
1259,127
1260,949
1261,2720
1262,1627
1263,158
1264,199
1265,Ungroupable
1266,427
1267,20
1268,301
1269,520
1270,427
1271,1271
1272,Ungroupable
1273,182
1274,4825
1275,1271
1276,1400
1277,455
1278,Ungroupable
1279,38
1280,5585
1281,1958
1282,433
1283,1586
1284,719
1285,3596
1286,3574
1287,719
1288,38
1289,73
1290,577
1291,55
1292,1271
1293,6892
1294,1367
1295,442
1296,309
1297,7301
1298,2041
1299,715
1300,427
1301,3311
1302,38
1303,426
1304,309
1305,158
1306,199
1307,1833
1308,1662
1309,6696
1310,212
1311,1662
1312,309
1313,309
1314,5608
1315,433
1316,428
1317,20
1318,136
1319,6892
1320,2209
1321,427
1322,409
1323,1271
1324,199
1325,20
1326,309
1327,3035
1328,433
1329,38
1330,2599
1331,348
1332,127
1333,127
1334,442
1335,1400
1336,1215
1337,1400
1338,3035
1339,958
1340,1340
1341,533
1342,63
1343,6545
1344,470
1345,1271
1346,2209
1347,2209
1348,442
1349,427
1350,436
1351,158
1352,158
1353,2599
1354,1096
1355,7324
1356,309
1357,247
1358,5232
1359,309
1360,1586
1361,463
1362,1271
1363,1279
1364,199
1365,1271
1366,38
1367,719
1368,2655
1369,309
1370,63
1371,3420
1372,158
1373,42
1374,158
1375,55
1376,231
1377,231
1378,5584
1379,436
1380,20
1381,3596
1382,240
1383,158
1384,2655
1385,309
1386,90
1387,1387
1388,221
1389,2457
1390,231
1391,348
1392,199
1393,1418
1394,661
1395,1958
1396,1925
1397,289
1398,1024
1399,127
1400,1958
1401,661
1402,661
1403,661
1404,1412
1405,1958
1406,1412
1407,661
1408,1645
1409,1958
1410,20
1411,1645
1412,1645
1413,520
1414,1077
1415,20
1416,1418
1417,533
1418,1645
1419,520
1420,158
1421,893
1422,307
1423,307
1424,42
1425,4919
1426,237
1427,3597
1428,661
1429,17
1430,17
1431,7004
1432,17
1433,17
1434,190
1435,1958
1436,497
1437,1645
1438,661
1439,352
1440,3597
1441,1400
1442,Ungroupable
1443,867
1444,Ungroupable
1445,17
1446,190
1447,283
1448,190
1449,1958
1450,190
1451,Ungroupable
1452,829
1453,186
1454,309
1455,559
1456,Ungroupable
1457,309
1458,42
1459,42
1460,90
1461,55
1462,213
1463,127
1464,221
1465,137
1466,17
1467,568
1468,51
1469,442
1470,4825
1471,90
1472,190
1473,1115
1474,1115
1475,139
1476,1400
1477,1418
1478,1400
1479,348
1480,158
1481,165
1482,1449
1483,20
1484,20
1485,168
1486,168
1487,168
1488,168
1489,501
1490,168
1491,213
1492,199
1493,1387
1494,958
1495,1054
1496,1054
1497,958
1498,1054
1499,3597
1500,1583
1501,199
1502,1039
1503,168
1504,182
1505,352
1506,426
1507,90
1508,2209
1509,2209
1510,427
1511,151
1512,1513
1513,168
1514,168
1515,520
1516,4718
1517,1115
1518,4718
1519,3035
1520,3597
1521,42
1522,158
1523,20
1524,168
1525,1764
1526,1526
1527,1526
1528,142
1529,6992
1530,464
1531,577
1532,4520
1533,1749
1534,279
1535,352
1536,90
1537,1054
1538,1586
1539,893
1540,1054
1541,1958
1542,352
1543,958
1544,3043
1545,311
1546,137
1547,137
1548,1054
1549,893
1550,1054
1551,1054
1553,1400
1554,221
1555,1141
1556,1662
1557,178
1558,2098
1559,3043
1560,309
1561,1096
1562,73
1563,142
1564,178
1565,178
1566,3043
1567,1271
1568,Ungroupable
1569,1771
1570,1958
1571,1627
1572,1387
1573,307
1574,199
1575,2753
1576,395
1577,127
1578,409
1579,Ungroupable
1580,3035
1581,395
1582,90
1583,1054
1584,1054
1585,468
1586,1586
1587,90
1588,142
1589,3035
1590,127
1591,4718
1592,1115
1593,1054
1595,7013
1596,933
1597,127
1598,3035
1599,2047
1600,127
1601,127
1602,442
1603,1586
1604,1143
1605,1143
1606,1143
1607,309
1608,352
1609,497
1610,Ungroupable
1611,497
1612,497
1613,561
1614,520
1615,1615
1616,42
1617,442
1618,1143
1619,90
1620,1698
1621,1143
1622,1143
1623,958
1624,1771
1625,309
1626,5508
1627,1771
1628,309
1629,4614
1630,1958
1631,1958
1632,309
1633,1958
1634,1271
1635,1643
1636,1958
1637,2958
1638,348
1639,1771
1640,1958
1641,309
1642,5585
1643,309
1644,5603
1645,1645
1646,6839
1647,Ungroupable
1648,5508
1649,1054
1650,1583
1651,1271
1652,1632
1653,1627
1654,1627
1655,1662
1656,199
1657,436
1658,719
1659,1659
1660,436
1661,719
1662,1662
1663,1771
1664,1641
1665,1662
1666,719
1667,1271
1668,2069
1669,1771
1670,436
1671,1662
1672,4199
1673,719
1674,455
1675,1771
1676,7319
1677,436
1678,348
1679,427
1680,1489
1681,348
1682,348
1683,199
1684,497
1685,1698
1686,1696
1687,1118
1688,199
1689,345
1690,199
1691,38
1692,2753
1693,127
1694,348
1695,428
1696,199
1697,199
1698,1698
1699,199
1700,73
1701,428
1702,2778
1703,428
1704,199
1705,199
1706,199
1707,199
1708,497
1709,199
1710,127
1711,199
1712,168
1713,42
1714,3043
1715,199
1716,348
1717,199
1718,497
1719,199
1720,1308
1721,1662
1722,1662
1723,719
1724,1662
1725,1839
1726,719
1727,719
1728,455
1729,7319
1730,7013
1731,352
1732,928
1733,104
1734,928
1735,348
1736,73
1737,199
1738,199
1739,221
1740,221
1741,2473
1742,497
1743,199
1744,348
1745,554
1746,958
1747,1054
1748,1367
1749,1958
1750,1529
1751,719
1752,426
1753,309
1754,1958
1755,309
1756,3456
1757,5508
1758,6857
1759,1271
1760,352
1761,6761
1762,309
1763,433
1764,6880
1765,352
1766,6802
1767,1054
1768,1632
1769,6857
1770,4728
1771,719
1772,352
1781,715
1782,719
1783,1367
1784,719
1785,Ungroupable
1786,309
1787,199
1788,1634
1789,1662
1791,1662
1792,Ungroupable
1793,719
1794,168
1797,1662
1798,719
1799,719
1800,719
1802,1271
1803,1764
1804,427
1805,1387
1807,90
1808,42
1809,427
1810,1387
1811,352
1812,436
1813,199
1815,1387
1816,199
1817,42
1818,3420
1819,301
1820,42
1821,42
1822,442
1823,42
1824,1387
1825,1845
1827,2148
1828,1387
1830,7317
1831,625
1832,1387
1833,6857
1834,1958
1835,1958
1836,896
1837,2209
1838,949
1839,1839
1840,2473
1841,309
1842,433
1843,427
1844,55
1845,3043
1846,73
1847,73
1848,442
1849,436
1850,309
1851,6973
1852,Ungroupable
1853,719
1854,1203
1855,1751
1856,309
1857,1340
1858,6895
1859,Ungroupable
1860,1308
1861,1667
1862,455
1863,90
1864,1662
1865,1632
1866,168
1867,1615
1868,1061
1869,1615
1870,42
1871,1958
1872,42
1873,1096
1874,5058
1875,63
1876,719
1877,127
1878,2047
1879,1054
1880,1958
1881,3035
1882,1958
1883,2718
1884,2655
1885,7319
1886,199
1887,231
1888,893
1889,55
1890,1362
1891,1387
1892,Ungroupable
1893,178
1894,Ungroupable
1895,73
1896,1729
1897,231
1898,442
1899,5584
1900,427
1901,1627
1902,3574
1903,178
1904,2018
1905,433
1906,63
1907,3574
1908,1124
1909,467
1910,433
1911,467
1912,719
1913,427
1914,42
1915,264
1916,Ungroupable
1917,168
1918,436
1919,301
1920,1124
1921,3574
1922,Ungroupable
1923,3400
1924,1487
1925,90
1926,309
1927,719
1928,1487
1929,1271
1930,1271
1931,455
1932,Ungroupable
1933,309
1934,1627
1935,1632
1936,1632
1937,4758
1938,427
1939,2732
1940,1543
1941,4728
1942,1645
1943,1054
1944,5508
1945,309
1946,1627
1947,426
1948,352
1949,Ungroupable
1950,3043
1951,3548
1952,442
1953,2430
1954,1203
1955,949
1956,309
1957,1340
1958,1958
1959,3400
1960,1387
1961,1143
1962,1271
1963,352
1964,301
1965,247
1966,1586
1967,1340
1968,754
1969,1615
1970,168
1971,168
1972,6857
1973,1645
1974,Ungroupable
1975,38
1976,1203
1977,2467
1978,1771
1979,3574
1980,427
1981,2655
1982,168
1983,719
1984,3111
1985,7371
1986,Ungroupable
1987,Ungroupable
1988,Ungroupable
1989,Ungroupable
1990,Ungroupable
1991,2267
1992,Ungroupable
1993,213
1994,1995
1995,1400
1996,240
1997,63
1998,63
1999,352
2001,63
2002,63
2004,352
2005,949
2006,Ungroupable
2007,Ungroupable
2008,6542
2009,301
2010,352
2011,3043
2012,2655
2013,20
2014,20
2015,20
2016,Ungroupable
2017,127
2018,1645
2019,309
2020,1096
2021,247
2022,85
2023,311
2024,1586
2025,352
2026,42
2027,352
2028,352
2029,42
2030,42
2031,1586
2032,2033
2033,352
2034,1958
2035,1958
2036,1458
2037,352
2038,2041
2039,2041
2040,2041
2041,352
2042,1958
2043,178
2044,309
2045,1096
2046,309
2047,442
2048,2047
2049,63
2050,1115
2051,307
2052,928
2053,178
2054,801
2055,178
2056,2057
2057,309
2058,309
2059,268
2060,178
2061,309
2062,309
2063,3099
2064,455
2065,309
2066,309
2067,1096
2068,1096
2069,309
2070,567
2071,309
2072,309
2073,1096
2074,309
2075,309
2076,309
2077,90
2078,178
2079,2092
2080,309
2081,63
2082,63
2083,3420
2084,73
2085,719
2086,2041
2087,7008
2088,268
2089,2973
2090,2018
2091,2018
2092,2033
2093,801
2094,1308
2095,Ungroupable
2096,2098
2097,2098
2098,2098
2099,801
2100,239
2101,84
2102,870
2103,2076
2104,2117
2105,90
2106,199
2107,3901
2108,90
2109,90
2110,90
2111,90
2112,90
2113,90
2114,468
2115,352
2116,239
2117,2117
2118,3597
2119,268
2120,3111
2121,1340
2122,2033
2123,1645
2124,3043
2125,2804
2126,1096
2127,384
2128,2041
2129,309
2130,26
2131,470
2132,801
2133,468
2134,2034
2135,309
2136,20
2137,309
2138,309
2139,1096
2140,264
2141,90
2142,2028
2143,90
2144,63
2145,2039
2146,1645
2147,567
2148,2148
2149,442
2150,42
2151,42
2152,520
2153,348
2154,319
2155,2036
2156,2209
2157,409
2158,55
2159,455
2160,567
2161,Ungroupable
2162,Ungroupable
2163,442
2164,127
2165,345
2166,178
2167,178
2168,178
2169,178
2170,1586
2171,231
2172,182
2173,2209
2174,168
2175,352
2176,Ungroupable
2177,1615
2178,2148
2179,38
2180,42
2181,194
2182,42
2183,63
2184,168
2185,1460
2186,Ungroupable
2187,168
2188,442
2189,73
2190,127
2191,1387
2192,63
2193,63
2194,439
2195,3597
2196,2047
2197,3574
2198,754
2199,4713
2200,Ungroupable
2201,1143
2202,1124
2203,55
2204,1124
2205,433
2206,1124
2207,1124
2208,1143
2209,2209
2210,958
2211,958
2212,73
2213,352
2214,90
2215,1662
2216,307
2217,1958
2218,7004
2219,780
2220,Ungroupable
2221,2028
2222,801
2223,4422
2224,63
2225,2117
2226,90
2227,63
2228,931
2229,Ungroupable
2230,264
2231,42
2232,2053
2233,Ungroupable
2234,1632
2235,4735
2236,352
2237,309
2238,233
2239,1143
2240,2655
2241,1271
2242,Ungroupable
2243,73
2244,3789
2245,199
2246,199
2247,199
2248,37
2249,958
2250,1143
2251,348
2252,199
2253,90
2254,90
2255,73
2256,199
2257,90
2258,1143
2259,2431
2260,199
2261,199
2262,Ungroupable
2263,1696
2264,2430
2265,127
2266,199
2267,199
2268,2430
2269,2431
2270,3789
2271,517
2272,127
2273,1179
2274,348
2275,428
2276,1118
2277,497
2278,199
2279,1696
2280,1696
2281,38
2282,2336
2283,3264
2284,2254
2285,2336
2286,1698
2287,2336
2288,3336
2289,38
2290,38
2291,199
2292,1696
2293,199
2294,1118
2295,199
2296,348
2297,199
2298,199
2299,1696
2300,428
2301,1118
2302,428
2303,1118
2304,1118
2305,1696
2306,1695
2307,345
2308,199
2309,348
2310,1179
2311,1118
2312,2450
2313,127
2314,1698
2315,3292
2316,929
2317,2436
2318,514
2319,895
2320,514
2321,348
2322,199
2323,199
2324,127
2325,501
2326,124
2327,199
2328,Ungroupable
2329,124
2330,798
2331,1118
2332,2473
2333,2758
2334,2457
2335,1696
2336,2336
2337,2337
2338,428
2339,199
2340,3805
2341,798
2342,73
2343,346
2344,501
2345,1687
2346,501
2347,1179
2348,501
2349,348
2350,497
2351,2351
2352,221
2353,1111
2354,5063
2355,2351
2356,221
2357,Ungroupable
2358,199
2359,199
2360,2457
2361,90
2362,90
2363,497
2364,1656
2365,1118
2366,127
2367,127
2368,309
2369,199
2370,2473
2371,199
2372,199
2373,1143
2374,497
2375,1118
2376,1463
2377,2473
2378,428
2379,199
2380,Ungroupable
2381,497
2382,2473
2383,2473
2384,1958
2385,38
2386,2473
2387,1840
2388,3285
2389,221
2390,348
2391,309
2392,2336
2393,199
2394,2336
2395,2454
2396,90
2397,2336
2398,2351
2399,309
2400,345
2401,426
2402,1124
2403,199
2404,2480
2405,127
2406,719
2407,2352
2408,427
2409,7076
2410,3264
2411,1464
2412,199
2413,436
2414,427
2415,2480
2416,517
2417,470
2418,199
2419,221
2420,2337
2421,1216
2422,2288
2423,221
2424,501
2425,5119
2426,1124
2427,199
2428,199
2429,199
2430,199
2431,2431
2432,199
2433,199
2434,3292
2435,199
2436,127
2437,127
2438,199
2439,1696
2440,1696
2441,2336
2442,1696
2443,1179
2444,2431
2445,38
2446,199
2447,1696
2448,1118
2449,1118
2450,7109
2451,929
2452,38
2453,1118
2454,514
2455,1687
2456,2454
2457,199
2458,345
2459,1118
2460,2467
2461,7044
2462,4089
2463,1118
2464,1698
2465,501
2466,1695
2467,2467
2468,3336
2469,2351
2470,2473
2471,497
2472,2453
2473,2473
2474,2473
2475,2473
2476,426
2477,1124
2478,2289
2479,4103
2480,427
2481,199
2482,127
2483,1464
2484,2473
2485,2351
2486,2480
2487,348
2488,Ungroupable
2489,1118
2490,2438
2491,1142
2492,3293
2493,2530
2494,1118
2495,497
2496,38
2497,1698
2498,1463
2499,2499
2500,2473
2501,2431
2502,73
2503,127
2504,199
2505,1144
2506,199
2507,1696
2508,1687
2509,1707
2510,497
2511,1340
2512,199
2513,38
2514,352
2515,1662
2516,1223
2517,1560
2518,264
2519,55
2520,3574
2521,427
2522,1661
2523,3597
2524,2028
2525,190
2526,158
2527,178
2528,38
2529,1118
2530,38
2531,199
2532,73
2533,2257
2534,90
2535,348
2536,2473
2537,719
2538,427
2539,199
2540,1696
2541,2288
2542,221
2543,4103
2544,1695
2545,267
2546,520
2547,90
2548,190
2549,127
2550,142
2551,127
2552,127
2553,1400
2554,15
2555,307
2556,Ungroupable
2557,20
2558,1115
2559,1586
2560,352
2561,1054
2562,1054
2563,401
2564,127
2565,63
2566,929
2567,127
2568,1096
2569,3311
2570,949
2571,158
2572,517
2573,Ungroupable
2574,348
2575,1958
2576,1340
2577,1958
2578,199
2579,5817
2580,190
2581,433
2582,577
2583,127
2584,90
2585,2599
2586,352
2587,1400
2588,455
2589,1839
2590,2973
2591,17
2592,3477
2593,427
2594,1958
2595,Ungroupable
2596,427
2597,4825
2598,247
2599,2599
2600,1359
2601,426
2602,158
2603,1595
2604,1271
2605,63
2606,Ungroupable
2607,90
2608,352
2609,520
2610,719
2611,1387
2612,719
2613,1340
2614,427
2615,42
2616,2720
2617,1340
2618,6761
2619,2069
2620,301
2621,426
2622,127
2623,4386
2624,2047
2625,2117
2626,1771
2627,2724
2628,58
2629,1458
2630,1627
2631,311
2632,2047
2633,26
2634,Ungroupable
2635,309
2636,3111
2637,309
2638,2088
2639,217
2640,1096
2641,2041
2642,Ungroupable
2643,1115
2644,307
2645,1400
2646,567
2647,4512
2648,567
2649,625
2650,1958
2651,426
2652,520
2653,442
2654,127
2655,301
2656,426
2657,442
2658,1995
2659,567
2660,1362
2661,3442
2662,7044
2663,90
2664,1645
2665,1623
2666,1586
2667,1054
2668,559
2669,1054
2670,426
2671,Ungroupable
2672,15
2673,352
2674,468
2675,520
2676,348
2677,348
2678,348
2679,348
2680,267
2681,90
2682,90
2683,1229
2684,22
2685,348
2686,127
2687,90
2688,199
2689,90
2690,127
2691,348
2692,127
2693,1236
2694,127
2695,124
2696,127
2697,319
2698,90
2699,1320
2700,127
2701,Ungroupable
2702,514
2703,Ungroupable
2704,754
2705,7319
2706,63
2707,63
2708,1387
2709,1387
2710,Ungroupable
2711,Ungroupable
2712,442
2713,Ungroupable
2714,73
2715,168
2716,Ungroupable
2717,958
2718,2718
2719,Ungroupable
2720,Ungroupable
2721,958
2722,524
2723,1362
2724,1958
2725,Ungroupable
2726,1771
2727,1387
2728,Ungroupable
2729,7319
2730,199
2731,63
2732,1387
2733,1353
2734,65
2735,38
2736,3800
2737,199
2738,2288
2739,2467
2740,501
2741,158
2742,348
2743,2753
2744,73
2745,501
2746,2473
2747,73
2748,2457
2749,73
2750,73
2751,26
2752,38
2753,199
2754,199
2755,2351
2756,199
2757,Ungroupable
2758,1142
2759,Ungroupable
2760,Ungroupable
2761,38
2762,2351
2763,2351
2764,37
2765,90
2766,199
2767,2467
2768,2433
2769,199
2770,5078
2771,199
2772,38
2773,1179
2774,1216
2775,73
2776,158
2777,2778
2778,127
2779,37
2780,345
2781,4392
2782,719
2783,1102
2784,514
2785,90
2786,7109
2787,199
2788,Ungroupable
2789,2351
2790,199
2791,345
2792,127
2793,199
2794,38
2795,428
2796,477
2797,1118
2798,38
2799,3129
2800,38
2801,458
2802,1118
2803,2351
2804,2351
2805,38
2806,1143
2807,38
2808,2336
2809,2288
2810,2351
2811,38
2812,127
2813,127
2814,73
2815,73
2816,1387
2817,3043
2818,3043
2819,3043
2820,42
2821,63
2822,Ungroupable
2823,Ungroupable
2824,1958
2825,1124
2826,1401
2827,352
2828,1128
2829,567
2830,63
2831,1888
2832,127
2833,439
2834,2041
2835,390
2836,1645
2837,2875
2838,352
2839,1645
2840,352
2841,1958
2842,1958
2843,1340
2844,190
2845,Ungroupable
2846,90
2847,352
2848,567
2849,2146
2850,127
2851,309
2852,127
2853,158
2854,20
2855,63
2856,190
2857,20
2858,63
2859,38
2860,207
2861,2047
2862,63
2863,6234
2864,1038
2865,63
2866,127
2867,127
2868,127
2869,47
2870,Ungroupable
2871,719
2872,404
2873,1645
2874,2889
2875,1340
2876,127
2877,520
2878,Ungroupable
2879,Ungroupable
2880,309
2881,1340
2882,1340
2883,199
2884,168
2885,213
2886,Ungroupable
2887,6839
2888,Ungroupable
2889,442
2890,38
2891,127
2892,309
2893,5110
2894,2655
2895,2336
2896,38
2897,1460
2898,1124
2899,168
2900,442
2901,168
2902,168
2903,20
2904,190
2905,20
2906,63
2907,63
2908,168
2909,63
2910,63
2911,845
2912,Ungroupable
2913,301
2914,63
2915,1645
2916,442
2917,442
2918,442
2919,442
2920,442
2921,63
2922,63
2923,442
2924,301
2925,213
2926,55
2927,55
2928,845
2929,1958
2930,55
2931,127
2932,5832
2933,436
2934,168
2935,63
2936,426
2937,1615
2938,63
2939,63
2940,845
2941,301
2942,845
2943,442
2944,213
2945,845
2946,63
2947,63
2948,63
2949,63
2950,63
2951,63
2952,63
2953,63
2954,63
2955,63
2956,63
2957,63
2958,63
2959,63
2960,63
2961,63
2962,845
2963,845
2964,264
2965,5513
2966,6214
2967,1458
2968,1958
2969,427
2970,426
2971,427
2972,2657
2973,442
2974,1958
2975,55
2976,1958
2977,1958
2978,1958
2979,1958
2980,1958
2981,1615
2982,2148
2983,470
2984,73
2985,436
2986,436
2987,436
2988,1958
2989,427
2990,427
2991,426
2992,426
2993,427
2994,5513
2995,427
2996,719
2997,719
2998,38
2999,577
3000,63
3001,467
3002,3035
3003,1124
3004,1387
3005,1615
3006,127
3007,127
3008,127
3009,127
3010,127
3011,127
3012,127
3013,127
3014,127
3015,2148
3016,1387
3017,1387
3018,1387
3019,1387
3020,127
3021,1615
3022,127
3023,199
3024,127
3025,151
3026,127
3027,3035
3028,3035
3029,395
3030,687
3031,137
3032,3035
3033,1845
3034,1845
3035,442
3036,3035
3037,3035
3038,137
3039,3035
3040,3035
3041,3035
3042,3043
3043,190
3044,3043
3045,1845
3046,3043
3047,3043
3048,3043
3049,1958
3050,190
3051,190
3052,395
3053,5513
3054,63
3055,213
3056,845
3057,Ungroupable
3058,1400
3059,190
3060,63
3061,63
3062,38
3063,38
3064,38
3065,1179
3066,38
3067,520
3068,42
3069,432
3070,442
3071,442
3072,520
3073,520
3074,520
3075,520
3076,352
3077,267
3078,5508
3079,442
3080,178
3081,352
3082,38
3083,3035
3084,3035
3085,3035
3086,1400
3087,1958
3088,1615
3089,1387
3090,501
3091,501
3092,501
3093,501
3094,309
3095,207
3096,1958
3097,190
3098,1615
3099,309
3100,309
3101,309
3102,309
3103,309
3104,2351
3105,567
3106,2057
3107,190
3108,239
3109,239
3110,63
3111,190
3112,20
3113,190
3114,1115
3115,1115
3116,1115
3117,1115
3118,190
3119,190
3120,190
3121,190
3122,190
3123,190
3124,190
3125,190
3126,190
3127,190
3128,90
3129,90
3130,1271
3131,190
3132,239
3133,190
3134,84
3135,3111
3136,301
3137,311
3138,3043
3139,90
3140,1925
3141,1925
3142,38
3143,2206
3144,1124
3145,1938
3146,427
3147,2337
3148,719
3149,1340
3150,1489
3151,158
3152,1387
3153,158
3154,158
3155,158
3156,158
3157,158
3158,158
3159,158
3160,931
3161,158
3162,419
3163,3165
3164,3165
3165,3165
3166,3165
3167,1958
3168,3641
3169,3081
3170,63
3171,442
3172,63
3173,3035
3174,1115
3175,1115
3176,Ungroupable
3177,84
3178,1271
3179,3456
3180,Ungroupable
3181,Ungroupable
3182,1271
3183,1271
3184,1367
3185,426
3186,1271
3187,Ungroupable
3188,432
3189,63
3190,168
3191,Ungroupable
3192,168
3193,2655
3194,168
3195,2655
3196,801
3197,1387
3198,213
3199,810
3200,240
3201,104
3202,1869
3203,Ungroupable
3204,90
3205,Ungroupable
3206,Ungroupable
3207,1236
3208,1236
3209,348
3210,348
3211,348
3212,319
3213,1229
3214,487
3215,20
3216,22
3217,1151
3218,127
3219,90
3220,2687
3221,2288
3222,1687
3223,2351
3224,199
3225,1111
3226,501
3227,1143
3228,2758
3229,1143
3230,127
3231,127
3232,2457
3233,501
3234,2190
3235,345
3236,7306
3237,73
3238,127
3239,127
3240,497
3241,38
3242,3789
3243,199
3244,2336
3245,73
3246,260
3247,199
3248,190
3249,73
3250,199
3251,428
3252,428
3253,199
3254,Ungroupable
3255,73
3256,3292
3257,1143
3258,3348
3259,348
3260,348
3261,Ungroupable
3262,73
3263,73
3264,199
3265,127
3266,199
3267,3336
3268,38
3269,1151
3270,127
3271,1179
3272,1696
3273,458
3274,427
3275,Ungroupable
3276,428
3277,501
3278,1096
3279,458
3280,73
3281,428
3282,309
3283,5994
3284,427
3285,1157
3286,1118
3287,124
3288,2209
3289,1118
3290,3292
3291,567
3292,199
3293,199
3294,514
3295,1143
3296,3292
3297,199
3298,90
3299,73
3300,1124
3301,2784
3302,199
3303,348
3304,Ungroupable
3305,38
3306,1468
3307,307
3308,714
3309,38
3310,1340
3311,3311
3312,309
3313,90
3314,38
3315,2482
3316,63
3317,2482
3318,1632
3319,352
3320,158
3321,73
3322,5066
3323,719
3324,127
3325,2467
3326,127
3327,520
3328,1422
3329,352
3330,20
3331,158
3332,90
3333,427
3334,1660
3335,1615
3336,90
3337,3420
3338,231
3339,127
3340,5584
3341,Ungroupable
3342,1641
3343,264
3344,719
3345,2480
3346,1118
3347,352
3348,309
3349,348
3350,63
3351,1143
3352,4713
3353,4713
3354,2082
3355,5077
3356,1367
3357,311
3358,1096
3359,Ungroupable
3360,Ungroupable
3361,Ungroupable
3362,Ungroupable
3363,1586
3364,42
3365,42
3366,51
3367,1054
3368,1632
3369,309
3370,567
3371,719
3372,90
3373,3574
3374,3574
3375,309
3376,309
3377,3574
3378,1271
3379,309
3380,1271
3381,1362
3382,3574
3383,3574
3384,53
3385,3377
3386,53
3387,53
3388,427
3389,426
3390,3420
3391,1124
3392,2351
3393,1223
3394,4825
3395,567
3396,426
3397,352
3398,426
3399,309
3400,250
3401,567
3402,127
3403,433
3404,1362
3405,352
3406,309
3407,1271
3408,1096
3409,1271
3410,1958
3411,1362
3412,1749
3413,1771
3414,6884
3415,463
3416,212
3417,3468
3418,162
3419,1818
3420,1660
3421,3420
3422,1387
3423,127
3424,1387
3425,958
3426,958
3427,958
3428,958
3429,1654
3430,1627
3431,931
3432,352
3433,Ungroupable
3434,20
3435,1096
3436,2885
3437,352
3438,1962
3439,467
3440,3458
3441,4614
3442,3574
3443,309
3444,248
3445,309
3446,309
3447,309
3448,455
3449,352
3450,3461
3451,Ungroupable
3452,1271
3453,1958
3454,1271
3455,190
3456,1054
3457,309
3458,352
3459,Ungroupable
3460,442
3461,3574
3462,1958
3463,455
3464,352
3465,1603
3466,352
3467,289
3468,1958
3469,1271
3470,309
3471,240
3472,3472
3473,309
3474,455
3475,1586
3476,4718
3477,309
3478,520
3479,3574
3480,309
3481,352
3482,3446
3483,2657
3484,352
3485,309
3486,63
3487,1526
3488,137
3489,352
3490,1400
3491,Ungroupable
3492,Ungroupable
3493,1319
3494,1387
3495,719
3496,Ungroupable
3497,1645
3498,1645
3499,5947
3500,3333
3501,1387
3502,1645
3503,1632
3504,1054
3505,1054
3506,439
3507,3574
3508,3574
3509,6804
3510,520
3511,352
3512,1958
3513,1054
3514,309
3515,1645
3516,Ungroupable
3517,1096
3518,352
3519,309
3520,4959
3521,190
3522,Ungroupable
3523,1143
3524,5879
3525,90
3526,5639
3527,348
3528,124
3529,73
3530,1340
3531,1340
3532,1120
3533,Ungroupable
3534,7003
3535,Ungroupable
3536,3043
3537,348
3538,319
3539,348
3540,127
3541,Ungroupable
3542,319
3543,1340
3544,1340
3545,520
3546,875
3547,2880
3548,419
3549,1660
3550,6795
3551,309
3552,20
3553,20
3554,20
3555,20
3556,20
3557,20
3558,20
3559,20
3560,20
3561,20
3562,442
3563,442
3564,442
3565,442
3566,63
3567,845
3568,845
3569,893
3570,6169
3571,55
3572,1487
3573,63
3574,3574
3575,63
3576,442
3577,1271
3578,63
3579,301
3580,845
3581,168
3582,63
3583,301
3584,442
3585,467
3586,127
3587,73
3588,2209
3589,719
3590,719
3591,426
3592,231
3593,433
3594,6961
3595,1958
3596,719
3597,1958
3598,625
3599,719
3600,719
3601,719
3602,436
3603,1869
3604,426
3605,2018
3606,213
3607,213
3608,442
3609,168
3610,442
3611,625
3612,127
3613,1387
3614,127
3615,1387
3616,1387
3617,142
3618,561
3619,1543
3620,Ungroupable
3621,63
3622,25
3623,1229
3624,348
3625,348
3626,1601
3627,26
3628,719
3629,26
3630,127
3631,442
3632,63
3633,38
3634,38
3635,1975
3636,1387
3637,127
3638,3336
3639,38
3640,1662
3641,352
3642,352
3643,1662
3644,38
3645,1362
3646,1586
3647,3400
3648,520
3649,Ungroupable
3650,5508
3651,178
3652,178
3653,127
3654,893
3655,1400
3656,1400
3657,1958
3658,1958
3659,661
3660,1400
3661,1400
3662,2718
3663,428
3664,875
3665,Ungroupable
3666,4353
3667,309
3668,309
3669,247
3670,247
3671,426
3672,427
3673,433
3674,433
3675,6884
3676,6696
3677,1645
3678,309
3679,3311
3680,1096
3681,719
3682,433
3683,433
3684,2028
3685,190
3686,3111
3687,352
3688,90
3689,168
3690,90
3691,Ungroupable
3692,1641
3693,1340
3694,1340
3695,933
3696,158
3697,158
3698,158
3699,38
3700,248
3701,1958
3702,543
3703,1115
3704,267
3705,Ungroupable
3706,Ungroupable
3707,426
3708,307
3709,2655
3710,2655
3711,2655
3712,231
3713,17
3714,436
3715,567
3716,2473
3717,260
3718,2035
3719,158
3720,Ungroupable
3721,20
3722,Ungroupable
3723,309
3724,442
3725,63
3726,90
3727,1387
3728,1340
3729,63
3730,199
3731,168
3732,213
3733,90
3734,1958
3735,213
3736,1615
3737,1958
3738,409
3739,470
3740,470
3741,Ungroupable
3742,73
3743,73
3744,73
3745,73
3746,2480
3747,199
3748,497
3749,199
3750,199
3751,199
3752,124
3753,199
3754,199
3755,199
3756,199
3757,199
3758,127
3759,1148
3760,348
3761,199
3762,Ungroupable
3763,348
3764,348
3765,Ungroupable
3766,221
3767,348
3768,127
3769,2473
3770,1179
3771,2288
3772,3336
3773,1696
3774,1696
3775,1696
3776,1696
3777,1696
3778,2433
3779,1696
3780,1696
3781,5125
3782,2433
3783,2351
3784,199
3785,199
3786,199
3787,127
3788,428
3789,428
3790,428
3791,428
3792,428
3793,428
3794,90
3795,428
3796,428
3797,428
3798,1102
3799,1102
3800,428
3801,428
3802,2257
3803,501
3804,2778
3805,428
3806,1102
3807,2351
3808,1632
3809,1118
3810,127
3811,1118
3812,1118
3813,1687
3814,3285
3815,1157
3816,38
3817,1118
3818,1157
3819,1157
3820,1157
3821,909
3822,Ungroupable
3823,1124
3824,426
3825,2336
3826,514
3827,345
3828,199
3829,90
3830,345
3831,345
3832,345
3833,2457
3834,2457
3835,515
3836,958
3837,233
3838,2454
3839,2435
3840,127
3841,1463
3842,1463
3843,2430
3844,199
3845,1143
3846,208
3847,509
3848,514
3849,514
3850,514
3851,199
3852,1687
3853,199
3854,1115
3855,520
3856,1645
3857,5627
3858,Ungroupable
3859,199
3860,168
3861,168
3862,168
3863,168
3864,73
3865,2430
3866,199
3867,199
3868,Ungroupable
3869,127
3870,426
3871,1771
3872,2148
3873,1387
3874,213
3875,213
3876,20
3877,684
3878,348
3879,5513
3880,42
3881,1115
3882,4749
3883,90
3884,1818
3885,2190
3886,1271
3887,168
3888,1340
3889,1400
3890,501
3891,1460
3892,352
3893,42
3894,436
3895,1400
3896,1615
3897,1615
3898,1816
3899,1096
3900,127
3901,352
3902,309
3903,1143
3904,63
3905,4300
3906,2148
3907,213
3908,1958
3909,20
3910,442
3911,63
3912,63
3913,63
3914,63
3915,845
3916,63
3917,55
3918,63
3919,442
3920,213
3921,63
3922,63
3923,213
3924,1660
3925,1340
3926,63
3927,63
3928,63
3929,63
3930,55
3931,442
3932,Ungroupable
3933,199
3934,442
3935,267
3936,2586
3937,1958
3938,436
3939,436
3940,55
3941,436
3942,436
3943,Ungroupable
3944,436
3945,Ungroupable
3946,427
3947,436
3948,427
3949,1958
3950,1958
3951,1958
3952,1340
3953,436
3954,436
3955,436
3956,427
3957,436
3958,2657
3959,719
3960,1645
3961,442
3962,426
3963,468
3964,63
3965,845
3966,213
3967,436
3968,436
3969,1124
3970,6324
3971,199
3972,127
3973,3024
3974,127
3975,168
3976,1615
3977,1615
3978,1615
3979,199
3980,2431
3981,5513
3982,2148
3983,2148
3984,2148
3985,2148
3986,3024
3987,2148
3988,1387
3989,1387
3990,2148
3991,267
3992,442
3993,3165
3994,63
3995,301
3996,63
3997,3035
3998,3035
3999,190
4000,3035
4001,3035
4002,1845
4003,1845
4004,3035
4005,3035
4006,5513
4007,Ungroupable
4008,137
4009,480
4010,392
4011,442
4012,442
4013,Ungroupable
4014,175
4015,63
4016,432
4017,42
4018,178
4019,520
4020,1387
4021,352
4022,395
4023,1400
4024,309
4025,38
4026,309
4027,309
4028,309
4029,53
4030,5232
4031,309
4032,Ungroupable
4033,53
4034,190
4035,1115
4036,190
4037,190
4038,6312
4039,190
4040,688
4041,190
4042,6312
4043,1115
4044,239
4045,1225
4046,1124
4047,427
4048,1340
4049,1340
4050,1340
4051,426
4052,158
4053,158
4054,158
4055,3165
4056,3165
4057,3165
4058,238
4059,Ungroupable
4060,38
4061,953
4062,1115
4063,212
4064,1958
4065,213
4066,4959
4067,4066
4068,426
4069,436
4070,142
4071,240
4072,1958
4073,Ungroupable
4074,239
4075,4988
4076,208
4077,73
4078,470
4079,202
4080,1143
4081,5994
4082,470
4083,73
4084,719
4085,719
4086,517
4087,199
4088,7128
4089,199
4090,199
4091,199
4092,2430
4093,199
4094,127
4095,199
4096,199
4097,1615
4098,4485
4099,199
4100,199
4101,Ungroupable
4102,501
4103,7078
4104,4103
4105,348
4106,348
4107,1143
4108,348
4109,348
4110,319
4111,319
4112,348
4113,1143
4114,5004
4115,4114
4116,1392
4117,1392
4118,2499
4119,2499
4120,1698
4121,158
4122,1698
4123,1698
4124,1698
4125,1698
4126,1340
4127,4439
4128,2473
4129,2473
4130,2473
4131,2473
4132,2473
4133,2473
4134,2473
4135,2473
4136,2473
4137,2473
4138,2473
4139,2473
4140,3264
4141,26
4142,199
4143,3264
4144,2473
4145,Ungroupable
4146,37
4147,2473
4148,38
4149,4439
4150,497
4151,38
4152,38
4153,38
4154,497
4155,Ungroupable
4156,2437
4157,1179
4158,2288
4159,3336
4160,3336
4161,1717
4162,1179
4163,3336
4164,Ungroupable
4165,Ungroupable
4166,497
4167,497
4168,2754
4169,199
4170,1696
4171,199
4172,1696
4173,1696
4174,1696
4175,1696
4176,1696
4177,1696
4178,1705
4179,1696
4180,1707
4181,1696
4182,1696
4183,Ungroupable
4184,5148
4185,497
4186,452
4187,127
4188,2261
4189,2254
4190,501
4191,501
4192,501
4193,501
4194,501
4195,501
4196,3800
4197,428
4198,Ungroupable
4199,199
4200,428
4201,428
4202,Ungroupable
4203,501
4204,2482
4205,221
4206,1096
4207,428
4208,7044
4209,428
4210,428
4211,428
4212,346
4213,428
4214,1178
4215,428
4216,Ungroupable
4217,247
4218,3285
4219,1192
4220,1118
4221,38
4222,1687
4223,2467
4224,2260
4225,1118
4226,199
4227,1118
4228,1118
4229,1118
4230,1118
4231,1687
4232,199
4233,1687
4234,3129
4235,127
4236,5063
4237,4230
4238,Ungroupable
4239,436
4240,1124
4241,1124
4242,1124
4243,1124
4244,4529
4245,1124
4246,6028
4247,1124
4248,1124
4249,1124
4250,2477
4251,2359
4252,2336
4253,929
4254,3292
4255,3292
4256,936
4257,514
4258,Ungroupable
4259,345
4260,199
4261,345
4262,199
4263,345
4264,345
4265,345
4266,Ungroupable
4267,5585
4268,2467
4269,2437
4270,2288
4271,1717
4272,958
4273,2431
4274,158
4275,158
4276,158
4277,233
4278,1143
4279,233
4280,1143
4281,1143
4282,Ungroupable
4283,497
4284,2430
4285,127
4286,1463
4287,1463
4288,2362
4289,2362
4290,90
4291,2362
4292,221
4293,1706
4294,2473
4295,199
4296,199
4297,1709
4298,3333
4299,Ungroupable
4300,4300
4301,Ungroupable
4302,497
4303,1143
4304,Ungroupable
4305,4439
4306,348
4307,2812
4308,2477
4309,1615
4310,213
4311,248
4312,439
4313,190
4314,213
4315,212
4316,1460
4317,3420
4318,Ungroupable
4319,2655
4320,1771
4321,463
4322,3472
4323,5508
4324,3420
4325,1387
4326,3445
4327,127
4328,213
4329,38
4330,90
4331,Ungroupable
4332,307
4333,4343
4334,268
4335,426
4336,307
4337,928
4338,1334
4339,158
4340,55
4341,352
4342,309
4343,801
4344,442
4345,442
4346,2041
4347,870
4348,2028
4349,311
4350,63
4351,2148
4352,7319
4353,1662
4354,38
4355,2148
4356,1096
4357,3420
4358,137
4359,5260
4360,2148
4361,292
4362,127
4363,439
4364,90
4365,311
4366,4485
4367,Ungroupable
4368,352
4369,158
4370,158
4371,7367
4372,5260
4373,426
4374,2088
4375,352
4376,90
4377,90
4378,4343
4379,309
4380,231
4381,309
4382,3401
4383,3373
4384,2076
4385,63
4386,384
4387,Ungroupable
4388,1958
4389,419
4390,309
4391,309
4392,127
4393,2148
4394,178
4395,309
4396,3099
4397,158
4398,309
4399,309
4400,2028
4401,Ungroupable
4402,127
4403,309
4404,231
4405,1096
4406,309
4407,1387
4408,309
4409,419
4410,231
4411,307
4412,84
4413,309
4414,309
4415,1958
4416,63
4417,2148
4418,90
4419,6941
4420,268
4421,309
4422,309
4423,1096
4424,301
4425,42
4426,127
4427,2538
4428,4392
4429,426
4430,433
4431,35
4432,309
4433,4450
4434,875
4435,231
4436,1696
4437,199
4438,348
4439,2473
4440,1216
4441,497
4442,199
4443,1111
4444,199
4445,1118
4446,1687
4447,1124
4448,477
4449,301
4450,2092
4451,455
4452,309
4453,1819
4454,213
4455,213
4456,211
4457,3420
4458,3420
4459,213
4460,168
4461,1818
4462,63
4463,1660
4464,73
4465,5793
4466,127
4467,1229
4468,127
4469,15
4470,Ungroupable
4471,90
4472,90
4473,22
4474,348
4475,4479
4476,22
4477,348
4478,15
4479,465
4480,90
4481,22
4482,1124
4483,1615
4484,1615
4485,1615
4486,442
4487,178
4488,1061
4489,212
4490,63
4491,1478
4492,4492
4493,4492
4494,4492
4495,4492
4496,1660
4497,334
4498,Ungroupable
4499,38
4500,2477
4501,2473
4502,Ungroupable
4503,4504
4504,233
4505,2473
4506,4504
4507,1133
4508,199
4509,1143
4510,348
4511,845
4512,719
4513,352
4514,426
4515,Ungroupable
4516,168
4517,719
4518,520
4519,1560
4520,577
4521,1400
4522,168
4523,309
4524,1615
4525,1340
4526,1493
4527,199
4528,436
4529,126
4530,1367
4531,845
4532,1061
4533,1387
4534,7013
4535,2072
4536,1340
4537,1387
4538,63
4539,2148
4540,1400
4541,38
4542,719
4543,1615
4544,1340
4545,1387
4546,3099
4547,20
4548,3333
4549,38
4550,309
4551,436
4552,1958
4553,1615
4554,20
4555,301
4556,63
4557,1340
4558,1869
4559,442
4560,301
4561,1387
4562,1615
4563,559
4564,178
4565,1124
4566,73
4567,625
4568,3420
4569,1387
4570,2028
4571,1560
4572,3311
4573,20
4574,1225
4575,7319
4576,1387
4577,352
4578,20
4579,845
4580,151
4581,1615
4582,1308
4583,1958
4584,958
4585,427
4586,352
4587,520
4588,6912
4589,567
4590,1400
4591,442
4592,2473
4593,1400
4594,436
4595,168
4596,1387
4597,845
4598,6945
4599,348
4600,301
4601,1340
4602,25
4603,73
4604,63
4605,442
4606,168
4607,2069
4608,1124
4609,1340
4610,311
4611,63
4612,1615
4613,2934
4614,1271
4615,158
4616,1011
4617,63
4618,213
4619,1958
4620,267
4621,1124
4622,2538
4623,442
4624,1615
4625,168
4626,467
4627,1061
4628,1818
4629,Ungroupable
4630,6961
4631,2599
4632,1662
4633,309
4634,715
4635,Ungroupable
4636,427
4637,6919
4638,1367
4639,2209
4640,426
4641,1676
4642,7301
4643,1641
4644,1632
4645,719
4646,158
4647,442
4648,199
4649,1696
4650,1061
4651,Ungroupable
4652,90
4653,1061
4654,1061
4655,1061
4656,168
4657,42
4658,42
4659,1061
4660,1061
4661,90
4662,42
4663,Ungroupable
4664,2053
4665,90
4666,1061
4667,442
4668,352
4669,63
4670,1586
4671,1271
4672,3574
4673,1362
4674,1054
4675,4742
4676,1054
4677,247
4678,1586
4679,1362
4680,6366
4681,1586
4682,896
4683,1603
4684,4825
4685,352
4686,3574
4687,1627
4688,4614
4689,4679
4690,1054
4691,4614
4692,1586
4693,1054
4694,3380
4695,432
4696,1362
4697,3574
4698,1890
4699,3574
4700,1890
4701,4825
4702,1115
4703,352
4704,893
4705,6366
4706,1586
4707,4713
4708,1362
4709,1890
4710,3472
4711,1627
4712,577
4713,4713
4714,1054
4715,1271
4716,958
4717,352
4718,1054
4719,193
4720,311
4721,1271
4722,1586
4723,1271
4724,1271
4725,6804
4726,1054
4727,309
4728,6857
4729,248
4730,1362
4731,4825
4732,229
4733,1586
4734,1054
4735,5508
4736,1586
4737,1271
4738,719
4739,1271
4740,1362
4741,426
4742,1362
4743,1362
4744,4718
4745,1362
4746,958
4747,1890
4748,1603
4749,4749
4750,3574
4751,Ungroupable
4752,3567
4753,1627
4754,3574
4755,1271
4756,1586
4757,4757
4758,1771
4759,3574
4760,3456
4761,1054
4762,1054
4763,1271
4764,1662
4765,1271
4766,3574
4767,4825
4768,1054
4769,4749
4770,1362
4771,1362
4772,1771
4773,1367
4774,3477
4775,1054
4776,1586
4777,309
4778,5603
4779,1054
4780,1362
4781,4614
4782,1271
4783,4773
4784,1271
4785,430
4786,1054
4787,1586
4788,1271
4789,1132
4790,1586
4791,3456
4792,1586
4793,7397
4794,1583
4795,1271
4796,Ungroupable
4797,3456
4798,6366
4799,1362
4800,1362
4801,1367
4802,1362
4803,1362
4804,1362
4805,1362
4806,4758
4807,1362
4808,3456
4809,3456
4810,4825
4811,1054
4812,6366
4813,Ungroupable
4814,1362
4815,1362
4816,1054
4817,1054
4818,3456
4819,442
4820,1061
4821,42
4822,1340
4823,1615
4824,4713
4825,1271
4826,1054
4827,6802
4828,1054
4829,1362
4830,4718
4831,4758
4832,1215
4833,433
4834,352
4835,5508
4836,Ungroupable
4837,199
4838,1615
4839,1061
4840,3420
4841,348
4842,1124
4843,1615
4844,3420
4845,1124
4846,1857
4847,1615
4848,4848
4849,1460
4850,1387
4851,199
4852,199
4853,199
4854,199
4855,199
4856,199
4857,127
4858,199
4859,7319
4860,1362
4861,1054
4862,199
4863,90
4864,567
4865,90
4866,3574
4867,719
4868,309
4869,2147
4870,1340
4871,309
4872,1709
4873,309
4874,309
4875,1340
4876,426
4877,567
4878,1143
4879,127
4880,845
4881,1271
4882,2848
4883,436
4884,1308
4885,90
4886,Ungroupable
4887,2746
4888,Ungroupable
4889,2880
4890,719
4891,1340
4892,1340
4893,1143
4894,1660
4895,1096
4896,1816
4897,212
4898,2431
4899,127
4900,427
4901,4300
4902,90
4903,2473
4904,4903
4905,2473
4906,233
4907,1869
4908,1660
4909,5817
4910,348
4911,178
4912,199
4913,1124
4914,233
4915,1143
4916,4919
4917,4919
4918,4919
4919,7004
4920,845
4921,3117
4922,1958
4923,442
4924,1958
4925,2657
4926,1958
4927,1958
4928,1958
4929,2657
4930,3117
4931,1586
4932,1615
4933,213
4934,2148
4935,3117
4936,1958
4937,2657
4938,17
4939,4936
4940,1645
4941,1115
4942,2657
4943,2148
4944,239
4945,239
4946,1449
4947,190
4948,17
4949,1449
4950,1645
4951,1115
4952,1115
4953,1115
4954,1958
4955,1115
4956,4963
4957,1645
4958,1645
4959,190
4960,1645
4961,1958
4962,442
4963,1115
4964,867
4965,2657
4966,17
4967,17
4968,288
4969,Ungroupable
4970,17
4971,1958
4972,17
4973,845
4974,7008
4975,1615
4976,2148
4977,2885
4978,1340
4979,3333
4980,1124
4981,352
4982,211
4983,309
4984,199
4985,343
4986,3420
4987,1128
4988,409
4989,2499
4990,73
4991,73
4992,1869
4993,199
4994,199
4995,127
4996,199
4997,199
4998,199
4999,199
5000,Ungroupable
5001,501
5002,2479
5003,348
5004,1143
5005,1143
5006,1392
5007,199
5008,199
5009,348
5010,1118
5011,1698
5012,1698
5013,158
5014,2499
5015,221
5016,199
5017,2473
5018,2473
5019,2473
5020,2473
5021,2473
5022,2473
5023,2473
5024,2473
5025,2473
5026,2473
5027,501
5028,37
5029,90
5030,199
5031,Ungroupable
5032,2288
5033,37
5034,38
5035,2473
5036,497
5037,1011
5038,199
5039,199
5040,199
5041,199
5042,1696
5043,199
5044,1696
5045,1696
5046,38
5047,90
5048,428
5049,428
5050,346
5051,428
5052,428
5053,1178
5054,501
5055,501
5056,501
5057,501
5058,2482
5059,2465
5060,199
5061,1118
5062,90
5063,5063
5064,4463
5065,1124
5066,1124
5067,1124
5068,4529
5069,1124
5070,436
5071,1124
5072,1124
5073,1124
5074,1124
5075,199
5076,3293
5077,2336
5078,199
5079,199
5080,199
5081,958
5082,345
5083,37
5084,2288
5085,127
5086,1717
5087,2431
5088,1143
5089,1660
5090,127
5091,127
5092,90
5093,90
5094,199
5095,2473
5096,427
5097,Ungroupable
5098,Ungroupable
5099,1143
5100,127
5101,73
5102,2473
5103,127
5104,1124
5106,1660
5107,1387
5108,442
5109,213
5110,719
5112,2538
5113,Ungroupable
5114,Ungroupable
5115,Ungroupable
5116,409
5117,127
5118,1660
5119,127
5120,345
5121,1696
5122,Ungroupable
5123,199
5124,199
5125,199
5126,1118
5127,199
5128,2288
5129,38
5130,428
5131,199
5132,1157
5133,2454
5134,345
5135,345
5136,199
5137,199
5138,2454
5139,199
5140,1118
5141,2480
5142,1143
5143,199
5144,73
5145,348
5146,90
5147,428
5148,2467
5149,90
5150,2457
5151,90
5152,199
5153,2473
5154,199
5155,Ungroupable
5156,2473
5157,90
5158,2448
5159,1124
5160,2467
5161,1124
5162,199
5163,1143
5164,199
5165,3977
5166,90
5167,2454
5168,348
5169,1011
5170,514
5171,514
5172,509
5173,199
5174,Ungroupable
5175,348
5176,1869
5177,213
5178,213
5179,4848
5180,4848
5181,213
5182,63
5183,442
5184,Ungroupable
5185,127
5186,2359
5187,1340
5188,1615
5189,5323
5190,1124
5191,1362
5192,7004
5193,42
5194,1054
5195,5195
5196,1958
5197,567
5198,5508
5199,Ungroupable
5200,190
5201,5208
5202,Ungroupable
5203,1643
5204,352
5205,309
5206,958
5207,7011
5208,384
5209,309
5210,455
5211,1627
5212,719
5213,1627
5214,1749
5215,6827
5216,5508
5217,5508
5218,63
5219,3420
5220,309
5221,436
5222,520
5223,1096
5224,1096
5225,178
5226,1021
5227,3311
5228,433
5229,1586
5230,1096
5231,178
5232,53
5233,309
5234,178
5235,3589
5236,352
5237,4353
5238,1271
5239,309
5240,2072
5241,4492
5242,5508
5243,1143
5244,1367
5245,1958
5246,1771
5247,5077
5248,501
5249,1958
5250,427
5251,1054
5252,442
5253,362
5254,2082
5255,468
5256,436
5257,3477
5258,1340
5259,433
5260,4422
5261,960
5262,6761
5263,470
5264,2148
5265,213
5266,1400
5267,442
5268,1958
5269,1816
5270,213
5271,20
5272,520
5273,1615
5274,213
5275,73
5276,Ungroupable
5277,2655
5278,84
5279,Ungroupable
5280,20
5281,Ungroupable
5282,2726
5283,158
5284,1615
5285,1124
5286,127
5287,467
5288,845
5289,1969
5290,427
5291,1340
5292,1660
5293,168
5294,2655
5295,539
5296,436
5297,2148
5298,213
5299,1615
5300,2148
5301,427
5302,3035
5303,1869
5304,1615
5305,63
5306,1340
5307,1340
5308,38
5309,3311
5310,2655
5311,190
5312,1400
5313,63
5314,1615
5315,1869
5316,426
5317,1615
5318,442
5319,213
5320,1124
5321,20
5322,501
5323,1898
5324,1202
5325,1124
5326,3420
5327,1340
5328,1340
5329,3420
5330,20
5331,539
5332,63
5333,247
5334,1660
5335,309
5336,127
5337,1615
5338,1449
5339,1660
5340,2148
5341,1387
5342,1387
5343,1387
5344,3420
5345,442
5346,1115
5347,17
5348,4936
5349,1115
5350,1458
5351,1958
5352,Ungroupable
5353,2246
5354,309
5355,1096
5356,63
5357,199
5358,2148
5359,1660
5360,Ungroupable
5362,4392
5363,309
5364,2429
5365,168
5366,3043
5367,2018
5368,4353
5369,1662
5370,309
5371,6696
5372,1124
5373,416
5374,Ungroupable
5375,1660
5376,1118
5377,436
5378,520
5379,84
5380,2655
5381,719
5382,442
5383,213
5384,3409
5385,7319
5386,1660
5387,2906
5388,3901
5389,2206
5390,1203
5391,719
5392,6817
5393,168
5394,5375
5395,1340
5396,213
5397,517
5398,1216
5399,1061
5400,426
5401,3420
5402,428
5403,2885
5404,1615
5405,1151
5406,1143
5407,427
5408,199
5409,2431
5410,90
5411,2431
5412,343
5413,1869
5414,1387
5415,2885
5416,719
5417,1518
5418,Ungroupable
5419,5780
5420,442
5421,1400
5422,6443
5423,1387
5424,4392
5425,182
5426,20
5427,1135
5428,432
5429,1387
5430,352
5431,1958
5432,1400
5433,3099
5434,1869
5435,433
5436,309
5437,442
5438,442
5439,1660
5440,63
5441,168
5442,1869
5443,3574
5444,845
5445,301
5446,301
5447,63
5448,168
5449,90
5450,199
5451,1387
5453,213
5454,1271
5455,426
5456,6945
5457,638
5458,2148
5459,213
5460,63
5461,158
5462,63
5463,845
5464,1818
5465,5536
5466,1340
5467,1124
5468,1124
5469,1340
5470,2148
5471,1615
5472,1969
5473,1387
5474,213
5475,1615
5476,2655
5477,2655
5478,1887
5479,520
5480,63
5481,4529
5482,1340
5483,1340
5484,168
5485,168
5486,1615
5487,638
5488,1124
5489,1362
5490,213
5491,520
5492,1819
5493,1387
5494,193
5495,1869
5496,301
5497,442
5498,6992
5499,2047
5500,442
5501,442
5502,754
5503,63
5504,7319
5505,3333
5506,2206
5507,231
5508,1771
5509,754
5510,1645
5511,Ungroupable
5512,577
5513,1958
5514,427
5515,427
5516,63
5517,426
5518,1220
5519,719
5520,428
5521,Ungroupable
5522,4874
5523,1804
5524,1340
5525,567
5526,719
5527,427
5528,1340
5529,2880
5530,567
5531,231
5532,199
5533,1124
5534,2359
5535,199
5536,199
5537,199
5538,3311
5539,1632
5540,Ungroupable
5541,427
5542,Ungroupable
5543,567
5544,845
5545,2148
5546,426
5547,1615
5548,436
5549,348
5550,5323
5551,436
5552,2206
5553,1179
5554,1143
5555,90
5556,2473
5557,5793
5558,233
5559,4903
5560,2473
5561,151
5562,1660
5563,1124
5564,1124
5565,1387
5566,1124
5567,6028
5568,3420
5569,90
5570,301
5571,442
5572,1749
5573,1869
5574,442
5575,1319
5576,158
5577,1271
5578,1271
5579,639
5580,638
5581,1749
5582,309
5583,517
5584,5584
5585,1054
5586,625
5587,7319
5588,5527
5589,1061
5590,178
5591,2473
5592,428
5593,6696
5594,1387
5595,158
5596,Ungroupable
5597,1645
5598,1615
5599,1869
5600,1818
5601,1958
5602,352
5603,426
5604,436
5605,4757
5606,455
5607,719
5608,5608
5609,5609
5610,Ungroupable
5611,719
5612,309
5613,5639
5614,1958
5615,309
5616,4757
5617,5608
5618,4757
5619,719
5620,4757
5621,719
5622,719
5623,3574
5624,1632
5625,1958
5626,1641
5627,719
5628,719
5629,4713
5630,4757
5631,719
5632,343
5633,2057
5634,719
5635,309
5636,Ungroupable
5637,1660
5638,2057
5639,3596
5640,2537
5641,4718
5642,719
5643,6857
5644,7499
5645,158
5646,3420
5647,1660
5648,2351
5649,127
5650,168
5651,209
5652,719
5653,6652
5654,2359
5655,436
5656,264
5657,2359
5658,Ungroupable
5659,2473
5660,233
5661,Ungroupable
5662,2148
5663,1958
5664,6839
5665,5195
5666,719
5667,567
5668,1223
5669,1054
5670,Ungroupable
5671,1054
5672,719
5673,958
5674,958
5675,958
5676,719
5677,3574
5678,4757
5679,958
5680,1641
5681,352
5682,Ungroupable
5683,1238
5684,433
5685,442
5686,231
5687,Ungroupable
5688,1676
5689,211
5690,5508
5691,Ungroupable
5692,1660
5693,427
5694,Ungroupable
5695,1958
5696,17
5697,288
5698,352
5699,301
5700,1645
5701,520
5702,190
5703,1645
5704,1115
5705,1115
5706,1115
5707,42
5708,893
5709,1645
5710,1958
5711,311
5712,1958
5713,3018
5714,5527
5715,Ungroupable
5716,719
5717,1645
5718,1958
5719,1115
5720,352
5721,1645
5722,42
5723,182
5724,645
5725,1115
5726,213
5727,1615
5728,1615
5729,1615
5730,501
5731,427
5732,2148
5733,4842
5734,90
5735,1958
5736,158
5737,2885
5738,182
5739,845
5740,1869
5741,3866
5742,213
5743,442
5744,63
5745,442
5746,168
5747,1615
5748,4825
5749,1387
5750,427
5751,3901
5752,1869
5753,2041
5754,893
5755,2209
5756,477
5757,1615
5758,5758
5759,2431
5760,1615
5761,151
5762,2431
5763,2148
5764,348
5765,26
5766,63
5767,38
5768,38
5769,Ungroupable
5770,433
5771,352
5772,567
5773,7313
5774,370
5775,567
5776,190
5777,90
5778,90
5779,1660
5780,426
5781,1615
5782,136
5783,158
5784,1615
5785,2655
5786,248
5787,2655
5788,231
5789,6987
5790,1869
5791,5285
5792,307
5793,5793
5794,1400
5795,5513
5796,1641
5797,348
5798,199
5799,7567
5800,436
5801,2655
5802,178
5803,5262
5804,5804
5805,311
5806,958
5807,1115
5808,352
5809,1586
5810,1115
5811,1124
5812,2148
5813,199
5814,199
5815,1179
5816,1698
5817,1958
5818,1632
5819,1362
5820,1362
5821,427
5822,309
5823,1271
5824,1603
5825,2958
5826,2885
5827,1615
5828,1061
5829,309
5830,3348
5831,5817
5832,1660
5833,3333
5834,233
5835,1143
5836,1143
5837,233
5838,426
5839,5375
5840,1124
5841,1124
5842,233
5843,250
5844,719
5845,199
5846,Ungroupable
5847,1696
5848,2260
5849,719
5850,2880
5851,Ungroupable
5852,199
5853,Ungroupable
5854,Ungroupable
5855,5879
5856,158
5857,5375
5858,567
5859,1869
5860,1925
5861,199
5862,199
5863,199
5864,2473
5865,1660
5866,158
5867,Ungroupable
5868,3311
5869,199
5870,497
5871,1266
5872,5375
5873,319
5874,1143
5875,73
5876,3420
5877,436
5878,1143
5879,1676
5880,Ungroupable
5881,1696
5882,5879
5883,1124
5884,233
5885,2473
5886,5863
5887,1387
5888,436
5889,1660
5890,233
5891,Ungroupable
5892,4520
5893,464
5894,1340
5895,199
5896,1124
5897,199
5898,497
5899,90
5900,1660
5901,428
5902,6892
5903,497
5904,90
5905,5863
5906,1236
5907,5879
5908,25
5909,2848
5910,2070
5911,348
5912,4826
5913,3333
5914,719
5915,Ungroupable
5916,719
5917,1124
5918,348
5919,127
5920,1387
5921,213
5922,301
5923,2359
5924,63
5925,139
5926,442
5927,1615
5928,Ungroupable
5929,2148
5930,1362
5931,Ungroupable
5932,433
5933,426
5934,1925
5935,433
5936,5804
5937,5804
5938,38
5939,436
5940,1487
5941,1869
5942,426
5943,427
5944,348
5945,875
5946,1660
5947,427
5948,1387
5949,2712
5950,5804
5951,875
5952,168
5953,307
5954,2655
5955,Ungroupable
5956,1124
5957,1660
5958,1771
5959,5817
5960,Ungroupable
5961,309
5962,1271
5963,1271
5964,1362
5965,2336
5966,3293
5967,497
5968,2281
5969,2473
5970,1143
5971,1143
5972,1118
5973,1143
5974,199
5975,Ungroupable
5976,2473
5977,2473
5978,Ungroupable
5979,3336
5980,127
5981,139
5982,199
5983,127
5984,221
5985,221
5986,199
5987,199
5988,199
5989,127
5990,2804
5991,199
5992,428
5993,208
5994,1143
5995,2473
5996,5995
5997,1143
5998,309
5999,127
6000,127
6001,Ungroupable
6002,127
6003,497
6004,37
6005,2336
6006,199
6007,428
6008,1698
6009,Ungroupable
6010,199
6011,2778
6012,233
6013,199
6014,428
6015,1143
6016,1124
6017,1124
6018,1696
6019,221
6020,90
6021,221
6022,4300
6023,1143
6024,90
6025,2467
6026,2351
6027,428
6028,436
6029,1143
6030,Ungroupable
6031,1143
6032,1143
6033,309
6034,38
6035,1143
6036,348
6037,Ungroupable
6038,5609
6039,281
6040,Ungroupable
6041,1615
6042,2473
6043,719
6044,436
6045,1869
6046,233
6047,1271
6048,719
6049,2148
6050,442
6051,442
6052,168
6053,1660
6054,73
6055,5092
6056,3977
6057,7044
6058,3099
6059,211
6060,3574
6061,301
6062,5817
6063,5817
6064,213
6065,1234
6066,1124
6067,1340
6068,1615
6069,Ungroupable
6070,2655
6071,309
6072,1869
6073,63
6074,63
6075,2538
6076,436
6077,719
6078,127
6079,442
6080,1124
6081,127
6082,1340
6083,2431
6084,190
6085,2655
6086,2206
6087,20
6088,1615
6089,63
6090,Ungroupable
6091,3420
6092,719
6093,Ungroupable
6094,1340
6095,2148
6096,1615
6097,1387
6098,2655
6099,1615
6100,1660
6101,63
6102,719
6103,1660
6104,5146
6105,1387
6106,2148
6107,1615
6108,1615
6109,2655
6110,2655
6111,719
6112,1615
6113,53
6114,309
6115,1869
6116,1615
6117,1615
6118,1958
6119,193
6120,442
6121,63
6122,1124
6123,2289
6124,1615
6125,1124
6126,433
6127,1634
6128,2655
6129,1468
6130,4980
6131,Ungroupable
6132,4422
6133,426
6134,1615
6135,3043
6136,1869
6137,6825
6138,2206
6139,352
6140,352
6141,4529
6142,2148
6143,63
6144,2655
6145,1615
6146,1124
6147,348
6148,1898
6149,1392
6150,1124
6151,233
6152,2991
6153,6160
6154,4903
6155,719
6156,1223
6157,348
6158,1143
6159,1143
6160,90
6161,Ungroupable
6162,2473
6163,194
6164,199
6165,20
6166,63
6167,301
6168,442
6169,6169
6170,6169
6171,63
6172,55
6173,55
6174,442
6175,845
6176,442
6177,55
6178,63
6179,442
6180,442
6181,754
6182,63
6183,301
6184,1627
6185,63
6186,442
6187,63
6188,63
6189,1615
6190,6804
6191,301
6192,231
6193,719
6194,231
6195,1804
6196,2209
6197,38
6198,231
6199,1627
6200,2041
6201,719
6202,1627
6203,1958
6204,1958
6205,1958
6206,1054
6207,2209
6208,1675
6209,426
6210,178
6211,2088
6212,6277
6213,2209
6214,190
6215,352
6216,5817
6217,1271
6218,73
6219,2041
6220,427
6221,719
6222,1529
6223,1958
6224,442
6225,231
6226,63
6227,719
6228,719
6229,63
6230,127
6231,6234
6232,281
6233,281
6234,142
6235,311
6236,129
6237,127
6238,2148
6239,127
6240,127
6241,199
6242,127
6243,267
6244,539
6245,1387
6246,1400
6247,Ungroupable
6248,3035
6249,Ungroupable
6250,4005
6251,38
6252,1054
6253,5585
6254,63
6255,38
6256,442
6257,63
6258,142
6259,3035
6260,1400
6261,142
6262,958
6263,284
6264,1054
6265,63
6266,90
6267,442
6268,127
6269,127
6270,151
6271,274
6272,Ungroupable
6273,38
6274,1362
6275,1362
6276,1362
6277,38
6278,352
6279,352
6280,178
6281,3165
6282,178
6283,142
6284,301
6285,419
6286,1400
6287,3043
6288,2482
6289,428
6290,428
6291,501
6292,501
6293,309
6294,90
6295,7301
6296,1400
6297,248
6298,7301
6299,1096
6300,127
6301,309
6302,309
6303,309
6304,268
6305,190
6306,3035
6307,1308
6308,1659
6309,3043
6310,127
6311,90
6312,190
6313,239
6314,190
6315,90
6316,116
6317,90
6318,3165
6319,90
6320,158
6321,90
6322,90
6323,90
6324,90
6325,426
6326,1938
6327,1124
6328,90
6329,63
6330,158
6331,158
6332,158
6333,158
6334,158
6335,116
6336,20
6337,1400
6338,158
6339,63
6340,90
6341,1400
6342,6342
6343,137
6344,137
6345,Ungroupable
6346,90
6347,3043
6348,199
6349,3131
6350,168
6351,2655
6352,128
6353,178
6354,1400
6355,1615
6356,168
6357,Ungroupable
6358,1627
6359,2577
6360,1890
6361,1627
6362,1054
6363,1586
6364,1586
6365,7319
6366,1362
6367,958
6368,Ungroupable
6369,1603
6370,958
6371,3178
6372,1362
6373,1271
6374,1271
6375,1271
6376,4614
6377,1054
6378,1054
6379,1096
6380,4762
6381,4762
6382,Ungroupable
6383,4614
6384,7319
6385,1133
6386,233
6387,2148
6388,3732
6389,199
6390,1660
6391,1660
6392,2206
6393,55
6394,213
6395,1216
6396,436
6397,309
6398,213
6399,3165
6400,213
6401,436
6402,442
6403,432
6404,3734
6405,2657
6406,3043
6407,2148
6408,3165
6409,436
6410,158
6411,3035
6412,1387
6413,1387
6414,3165
6415,390
6416,3035
6417,90
6418,3043
6419,158
6420,175
6421,2148
6422,63
6423,3165
6424,102
6425,442
6426,436
6427,442
6428,436
6429,678
6430,63
6431,352
6432,3043
6433,301
6434,63
6435,3165
6436,1845
6437,7004
6438,199
6439,3043
6440,2958
6441,90
6442,213
6443,2778
6444,2778
6445,1617
6446,1845
6447,4005
6448,2148
6449,3043
6450,199
6451,301
6452,463
6453,520
6454,867
6455,3035
6456,127
6457,520
6458,845
6459,190
6460,3035
6461,63
6462,63
6463,1958
6464,158
6465,213
6466,3035
6467,190
6468,190
6469,520
6470,1615
6471,Ungroupable
6472,436
6473,1387
6474,719
6475,390
6476,63
6477,436
6478,1115
6479,178
6480,211
6481,213
6482,4528
6483,190
6484,436
6485,63
6486,73
6487,127
6488,1400
6489,190
6490,213
6491,1958
6492,1818
6493,309
6494,845
6495,190
6496,63
6497,3035
6498,3043
6499,151
6500,3043
6501,1139
6502,432
6503,1615
6504,3734
6505,309
6506,3734
6507,432
6508,432
6509,2778
6510,1387
6511,432
6512,190
6513,442
6514,238
6515,3018
6516,5323
6517,1387
6518,178
6519,4066
6520,395
6521,1266
6522,2657
6523,63
6524,1819
6525,3149
6526,151
6527,436
6528,426
6529,63
6530,309
6531,1124
6532,309
6533,1615
6534,199
6535,3043
6536,1340
6537,436
6538,Ungroupable
6539,307
6540,Ungroupable
6541,3018
6542,520
6543,3099
6544,Ungroupable
6545,436
6546,442
6547,1115
6548,436
6549,190
6550,264
6551,1387
6552,1124
6553,229
6554,1124
6555,2148
6556,2718
6557,1115
6558,2148
6559,213
6560,158
6561,1387
6562,678
6563,Ungroupable
6564,Ungroupable
6565,520
6566,678
6567,426
6568,436
6569,158
6570,190
6571,5513
6572,1387
6573,137
6574,1615
6575,1615
6576,436
6577,63
6578,442
6579,301
6580,520
6581,5513
6582,520
6583,422
6584,520
6585,1350
6586,55
6587,2148
6588,2885
6589,436
6590,1115
6591,158
6592,4485
6593,5513
6594,1387
6595,436
6596,213
6597,2148
6598,427
6599,3165
6600,1340
6601,309
6602,178
6603,352
6604,442
6605,Ungroupable
6606,2178
6607,5323
6608,893
6609,1387
6610,1400
6611,301
6612,1340
6613,432
6614,199
6615,213
6616,439
6617,3043
6618,1124
6619,38
6620,2148
6621,4959
6622,137
6623,1096
6624,1958
6625,432
6626,2976
6627,392
6628,2889
6629,213
6630,1340
6631,213
6632,2148
6633,4061
6634,63
6635,427
6636,63
6637,1124
6638,190
6639,199
6640,520
6641,719
6642,4061
6643,178
6644,Ungroupable
6645,436
6646,1387
6647,3165
6648,1958
6649,199
6650,845
6651,178
6652,309
6653,520
6654,719
6655,5262
6656,1340
6657,2202
6658,436
6659,1387
6660,178
6661,436
6662,426
6663,714
6664,301
6665,3126
6666,301
6667,427
6668,1615
6669,2655
6670,1958
6671,20
6672,2885
6673,1958
6674,3419
6675,231
6676,3100
6677,Ungroupable
6678,3548
6679,199
6680,38
6681,73
6682,427
6683,Ungroupable
6684,1698
6685,514
6686,199
6687,1615
6688,63
6689,497
6690,348
6691,7058
6692,719
6693,199
6694,719
6695,199
6696,6696
6697,271
6698,352
6699,1771
6700,6696
6701,6696
6702,6717
6703,1320
6704,4520
6705,409
6706,168
6707,6696
6708,6696
6709,1771
6710,3574
6711,6696
6712,Ungroupable
6713,6723
6714,3477
6715,Ungroupable
6716,6717
6717,5962
6718,2035
6719,Ungroupable
6720,1958
6721,Ungroupable
6722,53
6723,6696
6724,6696
6725,592
6726,625
6727,1202
6728,4114
6729,6696
6730,5004
6731,6696
6732,Ungroupable
6733,4520
6734,127
6735,1464
6736,1615
6737,714
6738,6696
6739,1634
6740,6696
6741,6696
6742,488
6743,348
6744,845
6745,3952
6746,2655
6747,301
6748,127
6749,348
6750,2467
6751,514
6752,719
6753,352
6754,5375
6755,1818
6756,1124
6757,211
6758,90
6759,1818
6760,468
6761,6028
6762,6945
6763,3736
6764,1660
6765,211
6766,1615
6767,3419
6768,127
6769,1660
6770,4859
6771,4863
6772,348
6773,497
6774,199
6775,1696
6776,5526
6777,7397
6778,1124
6779,6696
6780,6028
6781,1124
6782,1124
6783,5817
6784,6904
6785,1340
6786,1124
6787,1340
6788,1340
6789,719
6790,1340
6791,719
6792,1340
6793,719
6794,442
6795,63
6796,63
6797,384
6798,3574
6799,3574
6800,7011
6801,6804
6802,4825
6803,1308
6804,1271
6805,3574
6806,63
6807,3574
6808,63
6809,845
6810,442
6811,Ungroupable
6812,6804
6813,958
6814,4762
6815,5195
6816,4825
6817,4757
6818,4757
6819,1054
6820,6891
6821,958
6822,7319
6823,1623
6824,6824
6825,7319
6826,958
6827,352
6828,6827
6829,1958
6830,1771
6831,1139
6832,2473
6833,719
6834,Ungroupable
6835,455
6836,539
6837,1340
6838,1340
6839,5508
6840,1054
6841,1271
6842,455
6843,1586
6844,5508
6845,Ungroupable
6846,3456
6847,1586
6848,352
6849,1771
6850,1054
6851,352
6852,352
6853,1054
6854,1362
6855,1933
6856,162
6857,1362
6858,352
6859,1771
6860,212
6861,1662
6862,1890
6863,1958
6864,1958
6865,6696
6866,289
6867,463
6868,5508
6869,1021
6870,1586
6871,4012
6872,5508
6873,1890
6874,5508
6875,4960
6876,4960
6877,Ungroupable
6878,719
6879,3333
6880,309
6881,638
6882,352
6883,1632
6884,1632
6885,1632
6886,Ungroupable
6887,1632
6888,561
6889,309
6890,433
6891,7301
6892,1096
6893,309
6894,1662
6895,7319
6896,1284
6897,1319
6898,6696
6899,5817
6900,309
6901,1645
6902,309
6903,7319
6904,309
6905,1645
6906,719
6907,7301
6908,1271
6909,719
6910,1203
6911,719
6912,719
6913,1271
6914,1958
6915,719
6916,1958
6917,1271
6918,719
6919,1271
6920,2035
6921,1096
6922,455
6923,7004
6924,1271
6925,1627
6926,7397
6927,436
6928,2035
6929,719
6930,1627
6931,1271
6932,893
6933,1271
6934,4758
6935,1627
6936,427
6937,427
6938,4758
6939,1271
6940,1271
6941,1958
6942,1958
6943,5817
6944,427
6945,426
6946,719
6947,5817
6948,427
6949,5817
6950,5817
6951,6696
6952,719
6953,426
6954,719
6955,5817
6956,3574
6957,3596
6958,7326
6959,5212
6960,1835
6961,719
6962,1661
6963,1051
6964,719
6965,426
6966,5817
6967,1658
6968,719
6969,719
6970,719
6971,719
6972,1271
6973,719
6974,719
6975,719
6976,6967
6977,1771
6978,1958
6979,714
6980,719
6981,719
6982,3597
6983,719
6984,1627
6985,719
6986,426
6987,427
6988,1958
6989,1202
6990,6992
6991,1595
6992,6992
6993,4739
6994,719
6995,7011
6996,1595
6997,1839
6998,1958
6999,455
7000,190
7001,190
7002,4718
7003,1958
7004,190
7005,1654
7006,719
7007,1095
7008,442
7009,1586
7010,1586
7011,455
7012,1124
7013,309
7014,7013
7015,2482
7016,3333
7017,3333
7018,719
7019,Ungroupable
7020,719
7021,719
7022,719
7023,719
7024,2482
7025,1124
7026,427
7027,168
7028,2041
7029,20
7030,348
7031,5526
7032,Ungroupable
7033,2148
7034,436
7035,1340
7036,1061
7037,497
7038,186
7039,345
7040,501
7041,73
7042,501
7043,281
7044,199
7045,2336
7046,3789
7047,199
7048,73
7049,1392
7050,719
7051,Ungroupable
7052,199
7053,3789
7054,428
7055,958
7056,127
7057,470
7058,199
7059,1695
7060,1047
7061,428
7062,895
7063,501
7064,199
7065,2454
7066,1387
7067,1143
7068,1178
7069,2863
7070,199
7071,73
7072,1143
7073,38
7074,5793
7075,127
7076,2209
7077,Ungroupable
7078,199
7079,127
7080,199
7081,428
7082,127
7083,73
7084,38
7085,199
7086,497
7087,Ungroupable
7088,428
7089,199
7090,199
7091,309
7092,221
7093,2473
7094,2433
7095,199
7096,127
7097,221
7098,38
7099,73
7100,38
7101,199
7102,2499
7103,4392
7104,2148
7105,301
7106,1887
7107,5817
7108,719
7109,958
7110,Ungroupable
7111,7319
7112,17
7113,63
7114,3420
7115,3420
7116,3333
7117,1179
7118,3293
7119,5793
7120,Ungroupable
7121,5285
7122,3333
7123,1818
7124,2712
7125,2206
7126,1660
7127,3099
7128,1615
7129,436
7130,7034
7131,213
7132,433
7133,63
7134,1660
7135,3597
7136,3035
7137,6884
7138,2473
7139,1236
7140,1133
7141,1143
7142,4903
7143,4903
7144,4903
7145,1133
7146,1958
7147,1387
7148,2148
7149,1660
7150,199
7151,1615
7152,Ungroupable
7153,433
7154,3597
7155,620
7156,2430
7157,5515
7158,2148
7159,3333
7160,2148
7161,1659
7162,1387
7163,2482
7164,1818
7165,Ungroupable
7166,719
7167,1271
7168,301
7169,213
7170,1615
7171,3574
7172,168
7173,1615
7174,1615
7175,288
7176,202
7177,2885
7178,1449
7179,199
7180,1645
7181,1234
7182,Ungroupable
7183,Ungroupable
7184,307
7185,307
7186,1340
7187,2206
7188,1819
7189,719
7190,2202
7191,2209
7192,1124
7193,2431
7194,433
7195,1124
7196,6696
7197,1051
7198,3311
7199,7176
7200,5817
7201,719
7202,Ungroupable
7203,Ungroupable
7204,1051
7205,2962
7206,1958
7207,1641
7208,2473
7209,7306
7210,6696
7211,1340
7212,1340
7213,6696
7214,1340
7215,6696
7216,1367
7217,6696
7218,4645
7219,464
7220,896
7221,7220
7222,464
7223,6696
7224,5070
7225,6914
7226,2873
7227,Ungroupable
7228,6945
7229,2209
7230,625
7231,5817
7232,3596
7233,6696
7234,6696
7235,5817
7236,6696
7237,4645
7238,1203
7239,719
7240,719
7241,719
7242,719
7243,719
7244,7240
7245,1658
7246,6696
7247,56
7248,6696
7249,4544
7250,4614
7251,1586
7252,1054
7253,1662
7254,1662
7255,1662
7256,6696
7257,1203
7258,3478
7259,432
7260,1603
7261,1308
7262,1362
7263,463
7264,1271
7265,1586
7266,1271
7267,1362
7268,1308
7269,520
7270,1958
7271,1771
7272,1888
7273,4960
7274,4960
7275,4749
7276,3333
7277,427
7278,3333
7279,1308
7280,3333
7281,436
7282,427
7283,5375
7284,1203
7285,719
7286,436
7287,5375
7288,3333
7289,427
7290,Ungroupable
7291,2482
7292,2482
7293,1340
7294,1340
7295,2482
7296,6924
7297,1096
7298,426
7299,1771
7300,6927
7301,1271
7302,Ungroupable
7303,309
7304,1350
7305,7301
7306,309
7307,1096
7308,433
7309,3099
7310,1097
7311,433
7312,6892
7313,7319
7314,309
7315,6945
7316,426
7317,6696
7318,309
7319,6696
7320,1641
7321,6696
7322,309
7323,7319
7324,6696
7325,719
7326,719
7327,719
7328,1632
7329,6696
7330,6696
7331,3446
7332,3446
7333,6696
7334,3596
7335,7319
7336,7319
7337,7319
7338,1096
7339,436
7340,1096
7341,719
7342,Ungroupable
7343,1223
7344,309
7345,1223
7346,1645
7347,5508
7348,Ungroupable
7349,248
7350,1092
7351,567
7352,1092
7353,559
7354,1771
7355,1645
7356,7301
7357,Ungroupable
7358,7319
7359,56
7360,7317
7361,1660
7362,3574
7363,Ungroupable
7364,845
7365,4757
7366,3456
7367,5208
7368,7367
7369,4825
7370,1367
7371,63
7372,6880
7373,1271
7374,1096
7375,427
7376,7367
7377,714
7378,Ungroupable
7379,1660
7380,719
7381,4728
7382,3574
7383,1660
7384,3574
7385,1345
7386,208
7387,3574
7388,1962
7389,6967
7390,1271
7391,1458
7392,2036
7393,436
7394,719
7395,1271
7396,719
7397,719
7398,7397
7399,1627
7400,436
7401,436
7402,2537
7403,1051
7404,427
7405,1271
7406,427
7407,427
7408,714
7409,2209
7410,6696
7411,7420
7412,5994
7413,426
7414,426
7415,577
7416,2732
7417,5817
7418,1958
7419,5817
7420,1958
7421,7397
7422,1367
7423,1958
7424,1958
7425,1958
7426,1958
7427,3597
7428,1139
7429,719
7430,1271
7431,719
7432,719
7433,1661
7434,719
7435,719
7436,719
7437,719
7438,719
7439,719
7440,719
7441,719
7442,719
7443,714
7444,719
7445,1271
7446,719
7447,719
7448,719
7449,714
7450,1203
7451,1275
7452,426
7453,719
7454,719
7455,714
7456,719
7457,719
7458,719
7459,1271
7460,714
7461,719
7462,4645
7463,1661
7464,1958
7465,719
7466,6961
7467,1271
7468,430
7469,1271
7470,719
7471,436
7472,719
7473,719
7474,1771
7475,719
7476,1271
7477,1051
7478,719
7479,6102
7480,436
7481,6992
7482,1664
7483,845
7484,6904
7485,1664
7486,6839
7487,3333
7488,1627
7489,6904
7490,1641
7491,6904
7492,427
7493,1771
7494,6992
7495,1890
7496,426
7497,4718
7498,426
7499,3938
7500,1308
7501,Ungroupable
7502,430
7503,436
7504,427
7505,719
7506,719
7507,Ungroupable
7508,1203
7509,7499
7510,Ungroupable
7511,6230
7512,Ungroupable
7513,719
7514,6102
7515,1645
7516,1645
7517,1645
7518,719
7519,719
7520,1096
7521,6891
7522,1271
7523,719
7524,5817
7525,6824
7526,1124
7527,1641
7528,1340
7529,1641
7530,Ungroupable
7531,4763
7532,2991
7533,4529
7534,1124
7535,4529
7536,1124
7537,1124
7538,1124
7539,719
7540,1124
7541,1124
7542,2206
7543,1124
7544,6696
7545,1124
7546,1925
7547,6904
7548,1340
7549,6945
7550,559
7551,559
7552,719
7553,6904
7554,1308
7555,3938
7556,426
7557,1662
7558,1308
7559,1308
7560,6342
7561,Ungroupable
7562,233
7563,7301
7564,7176
7565,5793
7566,7567
7567,6696
7568,7317
7569,1143
7570,233
7571,5793
7572,5793
7573,719
7574,7567
7575,5793
7576,1202
7577,7579
7578,1203
7579,1203
7580,1203
7581,719
7582,6155
7583,1659
7584,1659
7585,715
7586,1202
7587,6342
7588,1676
7589,1676
7590,1676
7591,233
7592,714
7593,233
7594,Ungroupable
7595,Ungroupable
7596,1658
7597,1304
7598,7319
7599,7337
7600,1676
7601,1367
7602,427
7603,958
7604,377
7605,377
7606,6824
7607,1676
7608,1054
7609,6824
7610,5585
7611,4757
7612,Ungroupable
7613,268
7614,1054
7615,1623
7616,1623
7617,199
7618,Ungroupable